"id","name","categ_id/id","type","uom_id/id","uom_po_id/id","invoice_policy","lst_price","standard_price"
"init.bfa81064-9447-5d06-a07a-9e5c5609ab90","BED SHEETS LARGE - SIZE 160CM X 240CM","init.categ_products_materials_orders","product","init.a8a0630a-1350-11df-a1f1-0026b9348838","init.a8a0630a-1350-11df-a1f1-0026b9348838","Ordered quantities","3000.00","2400.00"
"init.08dc9dec-fede-5ea8-a983-ccf6baf57a02","BED SPREADS STD (COUNTER-PANES) - LIGHT CREAM-160X230CM","init.categ_products_materials_orders","product","init.a8a0630a-1350-11df-a1f1-0026b9348838","init.a8a0630a-1350-11df-a1f1-0026b9348838","Ordered quantities","2795.00","2236.00"
"init.5cf11475-094d-5b15-87e4-2ca615d6176c","BLANKETS CELLULAR STD - 180X230CM","init.categ_products_materials_orders","product","init.a8a0630a-1350-11df-a1f1-0026b9348838","init.a8a0630a-1350-11df-a1f1-0026b9348838","Ordered quantities","2700.00","2160.00"
"init.b2e288f5-0047-5af9-ae68-df55464e0cb0","COTTON MATERIAL GREEN FOR THEATRE USE 36'' X 40M","init.categ_products_materials_orders","product","init.a8a0630a-1350-11df-a1f1-0026b9348838","init.a8a0630a-1350-11df-a1f1-0026b9348838","Ordered quantities","11300.00","9040.00"
"init.b27e5806-c0be-5395-88cd-cccf545f6503","DISPOSABLE SURGICAL GOWN - LARGE","init.categ_products_materials_orders","product","init.a8a0630a-1350-11df-a1f1-0026b9348838","init.a8a0630a-1350-11df-a1f1-0026b9348838","Ordered quantities","380.00","304.00"
"init.632f5d87-1273-500e-a849-871f9bdb4989","DISPOSABLE SURGICAL GOWN - MEDIUM","init.categ_products_materials_orders","product","init.a8a0630a-1350-11df-a1f1-0026b9348838","init.a8a0630a-1350-11df-a1f1-0026b9348838","Ordered quantities","380.00","304.00"
"init.0e7e55a5-98f7-574f-bd05-5690ac9016ca","DISPOSABLE SURGICAL GOWN - X-LARGE","init.categ_products_materials_orders","product","init.a8a0630a-1350-11df-a1f1-0026b9348838","init.a8a0630a-1350-11df-a1f1-0026b9348838","Ordered quantities","380.00","304.00"
"init.6fffbf36-ee43-5d6e-840e-5ec3a4f4223f","OPERATING THEATRE SUITS - LARGE","init.categ_products_materials_orders","product","init.a8a0630a-1350-11df-a1f1-0026b9348838","init.a8a0630a-1350-11df-a1f1-0026b9348838","Ordered quantities","2585.00","2068.00"
"init.6776a1b8-b056-590e-a78a-25b3c77b563b","OPERATING THEATRE SUITS - MEDIUM","init.categ_products_materials_orders","product","init.a8a0630a-1350-11df-a1f1-0026b9348838","init.a8a0630a-1350-11df-a1f1-0026b9348838","Ordered quantities","2585.00","2068.00"
"init.0e3d3dfa-885f-59bd-a659-a0fc9c4bb2f2","OPERATING THEATRE SUITS - X LARGE SIZE","init.categ_products_materials_orders","product","init.a8a0630a-1350-11df-a1f1-0026b9348838","init.a8a0630a-1350-11df-a1f1-0026b9348838","Ordered quantities","2585.00","2068.00"
"init.8a88a3a4-f350-5ff7-b814-4a53a5cb312f","PATIENT UNIFORM- MOTHER GOWNS (BREAST-FEEDING MOTHERS) MEDIUM","init.categ_products_materials_orders","product","init.a8a0630a-1350-11df-a1f1-0026b9348838","init.a8a0630a-1350-11df-a1f1-0026b9348838","Ordered quantities","1140.00","912.00"
"init.28727a33-8bca-5eb5-bc1e-2d5db09ab7c6","PATIENT UNIFORM- MOTHER GOWNS (BREAST-FEEDING MOTHERS) X-LARGE","init.categ_products_materials_orders","product","init.a8a0630a-1350-11df-a1f1-0026b9348838","init.a8a0630a-1350-11df-a1f1-0026b9348838","Ordered quantities","1140.00","912.00"
"init.4d47744f-393d-512d-a610-3890f5b54d72","PATIENT UNIFORM- MOTHER GOWNS (BREAST-FEEDING) SMALL","init.categ_products_materials_orders","product","init.a8a0630a-1350-11df-a1f1-0026b9348838","init.a8a0630a-1350-11df-a1f1-0026b9348838","Ordered quantities","1140.00","912.00"
"init.9586bb19-b8c6-5d18-8f7e-04d4e1e52995","PATIENT UNIFORM PAJAMAS GREEN AND WHITE STRIPPED LARGE (GEN WARD)","init.categ_products_materials_orders","product","init.a8a0630a-1350-11df-a1f1-0026b9348838","init.a8a0630a-1350-11df-a1f1-0026b9348838","Ordered quantities","1355.00","1084.00"
"init.2e65da99-f0dc-5654-82ab-23f250f11948","PATIENT UNIFORM PAJAMAS GREEN AND WHITE STRIPPED SMALL (GEN WARD)","init.categ_products_materials_orders","product","init.a8a0630a-1350-11df-a1f1-0026b9348838","init.a8a0630a-1350-11df-a1f1-0026b9348838","Ordered quantities","1355.00","1084.00"
"init.b2b2a0e8-e7c5-5ee7-aec6-7c819c343f41","PATIENT UNIFORM PAJAMAS GREEN/WHITE STRIPED EXTRA LARGE (GEN WARD)","init.categ_products_materials_orders","product","init.a8a0630a-1350-11df-a1f1-0026b9348838","init.a8a0630a-1350-11df-a1f1-0026b9348838","Ordered quantities","1370.00","1096.00"
"init.6efad154-5794-59cd-8203-7f4a972c1ec5","PATIENT UNIFORM- PYJAMAS BLUE/WHITE COTTON DRILL-LARGE (PYCH UNIT)","init.categ_products_materials_orders","product","init.a8a0630a-1350-11df-a1f1-0026b9348838","init.a8a0630a-1350-11df-a1f1-0026b9348838","Ordered quantities","2585.00","2068.00"
"init.c4818fd2-7606-5773-80e8-a3377d34c761","PATIENT UNIFORM- PYJAMAS BLUE/WHITE COTTON DRILL-MEDIUM (PSYCH UNIT)","init.categ_products_materials_orders","product","init.a8a0630a-1350-11df-a1f1-0026b9348838","init.a8a0630a-1350-11df-a1f1-0026b9348838","Ordered quantities","2585.00","2068.00"
"init.f5a1c6c4-4fed-53da-9e35-fde6996bf467","PATIENT UNIFORM- PYJAMAS BLUE/WHITE COTTON DRILL-SMALL (PSYCH UNIT)","init.categ_products_materials_orders","product","init.a8a0630a-1350-11df-a1f1-0026b9348838","init.a8a0630a-1350-11df-a1f1-0026b9348838","Ordered quantities","2585.00","2068.00"
"init.dc858d4d-a074-52f8-a3e5-2934901e11d1","PATIENT UNIFORM- PYJAMAS BLUE/WHITE COTTON DRILL-XTRA LARGE (PSYCH UNIT)","init.categ_products_materials_orders","product","init.a8a0630a-1350-11df-a1f1-0026b9348838","init.a8a0630a-1350-11df-a1f1-0026b9348838","Ordered quantities","2585.00","2068.00"
"init.1c47724b-c720-5944-80f1-8193abdc4cad","PATIENT UNIFORM- PYJAMAS BLUE/WHITE COTTON DRILL-XXLARGE (PSYCH WARD)","init.categ_products_materials_orders","product","init.a8a0630a-1350-11df-a1f1-0026b9348838","init.a8a0630a-1350-11df-a1f1-0026b9348838","Ordered quantities","2585.00","2068.00"
"init.38a00a03-fed0-5864-a6d0-675eacf2514d","PATIENT UNIFORMS PINK (FREE DRESS) ANTENATAL MOTHERS SIZE LARGE","init.categ_products_materials_orders","product","init.a8a0630a-1350-11df-a1f1-0026b9348838","init.a8a0630a-1350-11df-a1f1-0026b9348838","Ordered quantities","1117.00","893.60"
"init.ab28de43-1b4a-564b-bb70-2027b73815de","PATIENT UNIFORMS PINK (FREE DRESS) ANTENATAL MOTHERS SIZE MEDIUM","init.categ_products_materials_orders","product","init.a8a0630a-1350-11df-a1f1-0026b9348838","init.a8a0630a-1350-11df-a1f1-0026b9348838","Ordered quantities","1745.00","1396.00"
"init.6b194ff4-e180-56d5-9558-02875dd8fb4b","PILLOWS COVERED WITH MACKINTOSH WATER PROOF","init.categ_products_materials_orders","product","init.a8a0630a-1350-11df-a1f1-0026b9348838","init.a8a0630a-1350-11df-a1f1-0026b9348838","Ordered quantities","2530.00","2024.00"
"init.cf2b1764-19a2-50bb-a1b6-bf25907504c2","SURGICAL GOWN COTTON GREEN STANDARD - MEDIUM","init.categ_products_materials_orders","product","init.a8a0630a-1350-11df-a1f1-0026b9348838","init.a8a0630a-1350-11df-a1f1-0026b9348838","Ordered quantities","1670.00","1336.00"
"init.c9b9531b-34ec-565e-b5c6-57a488d94f2a","SURGICAL GOWN COTTON GREEN STANDARD - SMALL","init.categ_products_materials_orders","product","init.a8a0630a-1350-11df-a1f1-0026b9348838","init.a8a0630a-1350-11df-a1f1-0026b9348838","Ordered quantities","1355.00","1084.00"
"init.face39e9-a29b-5b5f-ab82-5dc2711f1442","THEATRE BOOTS ANTISTATIC - SIZE 10","init.categ_products_materials_orders","product","init.a8a0630a-1350-11df-a1f1-0026b9348838","init.a8a0630a-1350-11df-a1f1-0026b9348838","Ordered quantities","1600.00","1280.00"
"init.5d235750-f815-5b6e-8f53-3c78bf742a40","THEATRE BOOTS ANTISTATIC - SIZE 6","init.categ_products_materials_orders","product","init.a8a0630a-1350-11df-a1f1-0026b9348838","init.a8a0630a-1350-11df-a1f1-0026b9348838","Ordered quantities","4700.00","3760.00"
"init.ca24e21a-5da3-5abc-a296-3d6ee7cf6421","THEATRE BOOTS' ANTISTATIC - SIZE 9","init.categ_products_materials_orders","product","init.a8a0630a-1350-11df-a1f1-0026b9348838","init.a8a0630a-1350-11df-a1f1-0026b9348838","Ordered quantities","1600.00","1280.00"
"init.e33a8ffe-5b16-5193-aff2-adcb5a018b34","TOTO/BABY GOWN BABY WRAPPER MATERIAL SIZES: MEDIUM","init.categ_products_materials_orders","product","init.a8a0630a-1350-11df-a1f1-0026b9348838","init.a8a0630a-1350-11df-a1f1-0026b9348838","Ordered quantities","800.00","640.00"
"init.32542bd8-4d32-566e-ba79-f3c576030d2d","TOTO/BABY GOWN BABY WRAPPER MATERIAL SIZES: SMALL","init.categ_products_materials_orders","product","init.a8a0630a-1350-11df-a1f1-0026b9348838","init.a8a0630a-1350-11df-a1f1-0026b9348838","Ordered quantities","800.00","640.00"
"init.6599b821-67fd-58f3-860a-646fed69b7d6","WATER PROOF SHEETING MATERIALDEEP GREEN (MACKINTOSH) 100CM X 50M","init.categ_products_materials_orders","product","init.a8a0630a-1350-11df-a1f1-0026b9348838","init.a8a0630a-1350-11df-a1f1-0026b9348838","Ordered quantities","30000.00","24000.00"
