"id","name","categ_id/id","type","uom_id/id","uom_po_id/id","invoice_policy","lst_price","standard_price","x_concept_source","x_concept_code","x_drug_strength"
"init.16472e00-0bce-5614-a285-d7a76b53435c","ABIRATERONE TABLET 250MG","init.categ_products_drug_orders","product","init.a8a07f8e-1350-11df-a1f1-0026b9348838","init.a8a07f8e-1350-11df-a1f1-0026b9348838","Ordered quantities","495.00","412.50","local","15099","250MG"
"init.4e2c9c0b-b3e9-5f20-b308-0f89f4894b53","ACETAZOLAMIDE 250MG TABLETS","init.categ_products_drug_orders","product","init.a8a07f8e-1350-11df-a1f1-0026b9348838","init.a8a07f8e-1350-11df-a1f1-0026b9348838","Ordered quantities","20.20","16.83","local","15100","250MG"
"init.1fc6d37a-168f-5dd1-8220-3ea70a90456a","ACETYLCYSTEINE INJECTION 200MG/ML-10ML AMPOULE","init.categ_products_drug_orders","product","init.e5e1fa57-2b8b-4aef-9b8c-8378b5382791","init.e5e1fa57-2b8b-4aef-9b8c-8378b5382791","Ordered quantities","5760.00","4800.00","local","15101","200MG/ML"
"init.3c0f9f7a-68ae-5510-8922-f3a541241d6f","ACETYL SALICYLIC ACID TABLETS 300 MG","init.categ_products_drug_orders","product","init.a8a07f8e-1350-11df-a1f1-0026b9348838","init.a8a07f8e-1350-11df-a1f1-0026b9348838","Ordered quantities","0.70","0.58","local","","300MG"
"init.6864d2cc-41a9-5d3c-be22-e9581f132f15","ACETYLSALICYLIC ACID TABLETS 75MG-ENTERIC COATED BLISTER PACK","init.categ_products_drug_orders","product","init.a8a07f8e-1350-11df-a1f1-0026b9348838","init.a8a07f8e-1350-11df-a1f1-0026b9348838","Ordered quantities","2.00","1.67","local","","75MG"
"init.29af5fcb-1b6a-5a2d-bb9f-61285a45668c","ACICLOVIR 3% OPHTHALMIC OINTMENT","init.categ_products_drug_orders","product","init.89791287-a474-4a34-b8a5-7357da93ebec","init.89791287-a474-4a34-b8a5-7357da93ebec","Ordered quantities","32.40","27.00","local","732",""
"init.fee2876b-4672-4dfa-ba92-c3fef849f846","ACICLOVIR PFI 250MG VIAL","init.categ_products_drug_orders","product","init.e5e1fa57-2b8b-4aef-9b8c-8378b5382791","init.e5e1fa57-2b8b-4aef-9b8c-8378b5382791","Ordered quantities","1080.00","900.00","local","732","250MG"
"init.32574131-e228-5c8a-b848-a964ef006d43","ACTIVATED CHARCOAL","init.categ_products_drug_orders","product","init.a8a0804c-1350-11df-a1f1-0026b9348838","init.a8a0804c-1350-11df-a1f1-0026b9348838","Ordered quantities","0.00","0.00","local","",""
"init.668dceb9-a68c-5606-84ef-9e999bc92129","ACYCLOVIR 400MG TABLETS 10'S","init.categ_products_drug_orders","product","init.a8a07f8e-1350-11df-a1f1-0026b9348838","init.a8a07f8e-1350-11df-a1f1-0026b9348838","Ordered quantities","7.20","6.00","local","732","400MG"
"init.653a6cae-5242-5141-8e91-ee162935fda8","ADRENALINE INJECTION - 1MG/ML","init.categ_products_drug_orders","product","init.e5e1fa57-2b8b-4aef-9b8c-8378b5382791","init.e5e1fa57-2b8b-4aef-9b8c-8378b5382791","Ordered quantities","14.40","12.00","local","7459","1MG/ML"
"init.dd143ad1-2e87-5f53-b6c5-4ced64ca45fc","ALBENDAZOLE TABLETS 400MG","init.categ_products_drug_orders","product","init.a8a07f8e-1350-11df-a1f1-0026b9348838","init.a8a07f8e-1350-11df-a1f1-0026b9348838","Ordered quantities","4.91","4.09","local","941","400MG"
"init.39e457e0-faa3-5313-9677-a95ec52a32d5","ALBUMIN (HUMAN) INJECTION 20%","init.categ_products_drug_orders","product","init.e5e1fa57-2b8b-4aef-9b8c-8378b5382791","init.e5e1fa57-2b8b-4aef-9b8c-8378b5382791","Ordered quantities","10800.00","9000.00","local","15102",""
"init.7b5aca39-435c-502b-a8e1-e025a6dda3fa","ALENDRONATE 70MG TABLETS","init.categ_products_drug_orders","product","init.a8a07f8e-1350-11df-a1f1-0026b9348838","init.a8a07f8e-1350-11df-a1f1-0026b9348838","Ordered quantities","223.50","186.25","local","15103","70MG"
"init.e4df31ae-a0f1-54b0-b799-7345bb7986e9","ALLOPURINOL TABLET 100MG","init.categ_products_drug_orders","product","init.a8a07f8e-1350-11df-a1f1-0026b9348838","init.a8a07f8e-1350-11df-a1f1-0026b9348838","Ordered quantities","6.56","5.47","local","11693","100MG"
"init.9ddfc273-4a82-5328-9fc6-e6b494b12196","AMIKACIN SULPHATE INJECTION 500MG /2ML","init.categ_products_drug_orders","product","init.e5e1fa57-2b8b-4aef-9b8c-8378b5382791","init.e5e1fa57-2b8b-4aef-9b8c-8378b5382791","Ordered quantities","64.80","54.00","local","15104","500MG"
"init.cca7179d-2bc4-5ce4-93b8-6265847d91e9","AMITRIPTYLINE TABLETS 25MG","init.categ_products_drug_orders","product","init.a8a07f8e-1350-11df-a1f1-0026b9348838","init.a8a07f8e-1350-11df-a1f1-0026b9348838","Ordered quantities","0.72","0.60","local","2273","25MG"
"init.db6464a3-af8c-5762-959c-2c4c4fb105aa","AMLODIPINE TABLET 5MG","init.categ_products_drug_orders","product","init.a8a07f8e-1350-11df-a1f1-0026b9348838","init.a8a07f8e-1350-11df-a1f1-0026b9348838","Ordered quantities","0.94","0.78","local","2272","5MG"
"init.e8f630ba-6de1-53ec-9afb-77156a91feb7","AMOXICILLIN/CLAVULANIC 1.2G INJECTION","init.categ_products_drug_orders","product","init.e5e1fa57-2b8b-4aef-9b8c-8378b5382791","init.e5e1fa57-2b8b-4aef-9b8c-8378b5382791","Ordered quantities","139.20","116.00","local","450","1.2G"
"init.8f05af70-b1f6-50c8-9b02-9eeb39064d8f","AMOXICILLIN+CLAVULANIC ACID TAB.(250MG+62.5MGI.E 312.5MG) DISPERSABLE","init.categ_products_drug_orders","product","init.a8a07f8e-1350-11df-a1f1-0026b9348838","init.a8a07f8e-1350-11df-a1f1-0026b9348838","Ordered quantities","13.20","11.00","local","450","250MG"
"init.c9c4313e-b3a0-53dc-a7d2-169d7a69ac6e","AMOXICILLIN DISPERSIBLE SCORED TAB 250MG","init.categ_products_drug_orders","product","init.a8a07f8e-1350-11df-a1f1-0026b9348838","init.a8a07f8e-1350-11df-a1f1-0026b9348838","Ordered quantities","1.00","0.83","local","265","250MG"
"init.8599a92c-4e63-57bc-9173-7e2bb868abb2","AMOXYCILLIN/CLAVULANIC POTASSIUM TABS (875+125MG)'1G","init.categ_products_drug_orders","product","init.a8a07f8e-1350-11df-a1f1-0026b9348838","init.a8a07f8e-1350-11df-a1f1-0026b9348838","Ordered quantities","4.68","3.90","local","","125MG"
"init.026eadb1-77be-5dcd-bd1b-c9e822f2e61b","ANTI-D (RH) ANTI-D IMMUNOGLOBULINRHO (HUMAN MONOCLONAL) INJECTION 1500 IU( 300 MCG) 2ML. SHOULD BE WITH DILUENT","init.categ_products_drug_orders","product","init.e5e1fa57-2b8b-4aef-9b8c-8378b5382791","init.e5e1fa57-2b8b-4aef-9b8c-8378b5382791","Ordered quantities","9360.00","7800.00","local","","1500IU"
"init.10380790-c753-587f-8268-08e542ae0697","ANTI-RABIES IMMUNOGLOBULIN (EQUINE) INJ 200IU/ML 5ML","init.categ_products_drug_orders","product","init.e5e1fa57-2b8b-4aef-9b8c-8378b5382791","init.e5e1fa57-2b8b-4aef-9b8c-8378b5382791","Ordered quantities","936.00","780.00","local","413","200IU"
"init.8709ba08-2ce7-5250-bd9e-ccd101a22022","ARTESUNATE 60MG INJ","init.categ_products_drug_orders","product","init.e5e1fa57-2b8b-4aef-9b8c-8378b5382791","init.e5e1fa57-2b8b-4aef-9b8c-8378b5382791","Ordered quantities","0.00","0.00","local","9713","60MG"
"init.47f1d38c-96f8-5094-afeb-569744742d0e","ARIPIPRAZOLE 15MGTABLET","init.categ_products_drug_orders","product","init.a8a07f8e-1350-11df-a1f1-0026b9348838","init.a8a07f8e-1350-11df-a1f1-0026b9348838","Ordered quantities","12.20","10.17","local","11221",""
"init.64db7462-b841-5e7d-827f-143ccd45d345","ATORVASTATIN 20MG TABLETS","init.categ_products_drug_orders","product","init.a8a07f8e-1350-11df-a1f1-0026b9348838","init.a8a07f8e-1350-11df-a1f1-0026b9348838","Ordered quantities","0.76","0.63","local","2276","20MG"
"init.422b88b0-4839-5dd4-8b6d-f0668410eee6","ATRACURIUM INJECTION-10MG/ML 5ML AMPOULE","init.categ_products_drug_orders","product","init.e5e1fa57-2b8b-4aef-9b8c-8378b5382791","init.e5e1fa57-2b8b-4aef-9b8c-8378b5382791","Ordered quantities","393.60","328.00","local","","10MG/ML"
"init.6099562e-e9ea-589a-9e48-86f63ffd4fff","ATROPINE INJECTION - 1MG/ML","init.categ_products_drug_orders","product","init.e5e1fa57-2b8b-4aef-9b8c-8378b5382791","init.e5e1fa57-2b8b-4aef-9b8c-8378b5382791","Ordered quantities","13.20","11.00","local","9255","1MG/ML"
"init.0570970d-15c4-5f66-b129-b969ac660ff8","AZATHIOPRINE TABLETS -50MG","init.categ_products_drug_orders","product","init.a8a07f8e-1350-11df-a1f1-0026b9348838","init.a8a07f8e-1350-11df-a1f1-0026b9348838","Ordered quantities","20.10","16.75","local","9528","50MG"
"init.87d3c1d1-7994-4b3a-bf1a-24e4bf36ebf6","AZELASTINE EYE DROPS 0.05%","init.categ_products_drug_orders","product","init.3fbfabc6-9e78-4c70-85ee-8e66fc2418c5","init.3fbfabc6-9e78-4c70-85ee-8e66fc2418c5","Ordered quantities","336.00","280.00","local","15105",""
"init.9b0854b2-5e22-5f0c-943e-888ac854c325","AZITHROMYCIN ORAL SUSPENSION (PFR) - 200MG/5ML","init.categ_products_drug_orders","product","init.08709444-ac83-4af2-a8e5-86d91bb565b3","init.08709444-ac83-4af2-a8e5-86d91bb565b3","Ordered quantities","104.40","87.00","local","735","200MG"
"init.26a22b17-629a-51da-9406-a84573bc7636","AZITHROMYCIN TABLET 500MG","init.categ_products_drug_orders","product","init.a8a07f8e-1350-11df-a1f1-0026b9348838","init.a8a07f8e-1350-11df-a1f1-0026b9348838","Ordered quantities","21.20","17.67","local","735","500MG"
"init.970699aa-2836-5e79-91ba-0d0a51af7982","BENZATHINE BENZYLPENICILLIN 1.2 M.U VIALS","init.categ_products_drug_orders","product","init.e5e1fa57-2b8b-4aef-9b8c-8378b5382791","init.e5e1fa57-2b8b-4aef-9b8c-8378b5382791","Ordered quantities","46.80","39.00","local","7461",""
"init.a799fe2d-3ebc-5ce6-9fe9-f690e6a3c82f","BENZHEXOL TABLET 5MG","init.categ_products_drug_orders","product","init.a8a07f8e-1350-11df-a1f1-0026b9348838","init.a8a07f8e-1350-11df-a1f1-0026b9348838","Ordered quantities","0.85","0.71","local","7578","5MG"
"init.42b8f7f6-18ef-58db-9b23-751b58cc3ef0","BENZYL BENZOATE 25% LOTION.","init.categ_products_drug_orders","product","init.20f05920-0a4f-4708-af09-b20fe7185576","init.20f05920-0a4f-4708-af09-b20fe7185576","Ordered quantities","62.40","52.00","local","409",""
"init.d272fe51-00a4-5c15-af6a-d3e2f3a3c043","BENZYL PENICILLIN INJECTION 5MU","init.categ_products_drug_orders","product","init.e5e1fa57-2b8b-4aef-9b8c-8378b5382791","init.e5e1fa57-2b8b-4aef-9b8c-8378b5382791","Ordered quantities","57.60","48.00","local","7461",""
"init.54a4712b-5cee-5303-866d-bdcb06a986e6","BETAMETHASONE OINTMENT 0.1% 15G","init.categ_products_drug_orders","product","init.89791287-a474-4a34-b8a5-7357da93ebec","init.89791287-a474-4a34-b8a5-7357da93ebec","Ordered quantities","33.60","28.00","local","786","15G"
"init.fa2693e7-4a29-5aa5-a8d3-ac2549609cee","BETAMETHASONE SODIUM PHOSPHATE 0.1% W/V AND NEOMYCIN SULPHATE 0.5% W/V EYE DROPS","init.categ_products_drug_orders","product","init.3fbfabc6-9e78-4c70-85ee-8e66fc2418c5","init.3fbfabc6-9e78-4c70-85ee-8e66fc2418c5","Ordered quantities","33.60","28.00","local","",""
"init.6b3c1486-272e-56cf-987d-70414f0224dd","BLOOD EXPANDER (VOLUVEN) - 6% HYDROXYETHYL STARCH IN 0.9% SODIUM CHLORIDE 500ML I.V. SOLUTION","init.categ_products_drug_orders","product","init.e5e1fa57-2b8b-4aef-9b8c-8378b5382791","init.e5e1fa57-2b8b-4aef-9b8c-8378b5382791","Ordered quantities","1560.00","1300.00","local","","500ML"
"init.e0579337-e0e3-5358-9427-4a2eda61b4cf","BROMAZEPAM TABLET 3MG","init.categ_products_drug_orders","product","init.a8a07f8e-1350-11df-a1f1-0026b9348838","init.a8a07f8e-1350-11df-a1f1-0026b9348838","Ordered quantities","18.40","15.33","local","15106","3MG"
"init.70caf072-7de6-56dc-87fc-5cd9c287d359","BUDESONIDE 200MCG METERED DOSE INHALER 200 DOSES","init.categ_products_drug_orders","product","init.56624b7a-6f24-40aa-af30-cad799d110c5","init.56624b7a-6f24-40aa-af30-cad799d110c5","Ordered quantities","788.40","657.00","local","15107","200MCG"
"init.e619ebd0-5abd-548f-8904-c0576a052c21","BUDESONIDE + FORMOTEROL 100MCG/6MCG 120 METERED DOSE INHALER","init.categ_products_drug_orders","product","init.56624b7a-6f24-40aa-af30-cad799d110c5","init.56624b7a-6f24-40aa-af30-cad799d110c5","Ordered quantities","1587.60","1323.00","local","15108","100MCG"
"init.970010e1-6a80-5afc-8582-0e66564998d2","BUDESONIDE+FORMOTEROL 160MCG+4.5MCG DRY POWDER INHALER (120 DOSE)","init.categ_products_drug_orders","product","init.56624b7a-6f24-40aa-af30-cad799d110c5","init.56624b7a-6f24-40aa-af30-cad799d110c5","Ordered quantities","1200.00","1000.00","local","15108","160MCG"
"init.1fab471d-b889-5cd2-b066-0ec9227d80ea","BUDESONIDE+FORMOTEROL 200+ 6MCG INHALER","init.categ_products_drug_orders","product","init.56624b7a-6f24-40aa-af30-cad799d110c5","init.56624b7a-6f24-40aa-af30-cad799d110c5","Ordered quantities","588.00","490.00","local","15108","6MCG"
"init.f729f7ba-ddd4-53c9-926a-57026a4dee91","BUDESONIDE PRESSURIZED METERED DOSE INHALER 100MCG 200 METERED DOSE","init.categ_products_drug_orders","product","init.56624b7a-6f24-40aa-af30-cad799d110c5","init.56624b7a-6f24-40aa-af30-cad799d110c5","Ordered quantities","984.00","820.00","local","","100MCG"
"init.802cda86-c854-50ea-bec8-3b13dadee3ca","BUPIVACAINE INJECTION (SPINAL) 0.5% (AS HCL) (5MG/ML) + GLUCOSE 8% (80MG/ML) 4ML","init.categ_products_drug_orders","product","init.e5e1fa57-2b8b-4aef-9b8c-8378b5382791","init.e5e1fa57-2b8b-4aef-9b8c-8378b5382791","Ordered quantities","62.40","52.00","local","15109","5MG/ML"
"init.aa341e61-3237-5928-9b7a-1bdf5fbad99c","CAFFEINE CITRATE 10MG/ML SOLUTION FOR INJECTION(1ML AMPUOLE)","init.categ_products_drug_orders","product","init.e5e1fa57-2b8b-4aef-9b8c-8378b5382791","init.e5e1fa57-2b8b-4aef-9b8c-8378b5382791","Ordered quantities","624.00","520.00","local","15110","10MG/ML"
"init.cf43d4cd-d1e0-5ac2-a833-5a95f32b0801","CALCIUM GLUCONATE INJECTION 10% 10ML AMPOULE","init.categ_products_drug_orders","product","init.e5e1fa57-2b8b-4aef-9b8c-8378b5382791","init.e5e1fa57-2b8b-4aef-9b8c-8378b5382791","Ordered quantities","44.40","37.00","local","9244","10ML"
"init.8f216317-6a2a-51de-97ae-b80135aaf2c3","CARBAMAZEPINE TABLETS 200MG","init.categ_products_drug_orders","product","init.a8a07f8e-1350-11df-a1f1-0026b9348838","init.a8a07f8e-1350-11df-a1f1-0026b9348838","Ordered quantities","4.62","3.85","local","920","200MG"
"init.99eaad89-bb3d-5c81-b11d-b54fd23b8ac1","CARBETOCIN INJECTION 100MICROGRAMS/ML(HEAT STABLE)","init.categ_products_drug_orders","product","init.e5e1fa57-2b8b-4aef-9b8c-8378b5382791","init.e5e1fa57-2b8b-4aef-9b8c-8378b5382791","Ordered quantities","0.25","0.21","local","12085",""
"init.4dd4be03-d480-5a3d-a3ff-8f7c274831f7","CARBIMAZOLE TABLETS - 5MG","init.categ_products_drug_orders","product","init.a8a07f8e-1350-11df-a1f1-0026b9348838","init.a8a07f8e-1350-11df-a1f1-0026b9348838","Ordered quantities","5.04","4.20","local","9185","5MG"
"init.fd2a5c4f-73e0-5185-91df-55272f68478a","CARVEDILOL TABLET 12.5MG","init.categ_products_drug_orders","product","init.a8a07f8e-1350-11df-a1f1-0026b9348838","init.a8a07f8e-1350-11df-a1f1-0026b9348838","Ordered quantities","2.96","2.47","local","2268","12.5MG"
"init.c29b22b0-4354-52bc-aa75-67650ea39a84","CARVEDILOL TABLET 6.25MG","init.categ_products_drug_orders","product","init.a8a07f8e-1350-11df-a1f1-0026b9348838","init.a8a07f8e-1350-11df-a1f1-0026b9348838","Ordered quantities","2.12","1.77","local","2268","6.25MG"
"init.94e534b0-5102-5b48-a202-42bd46555fdd","CEFIXIME TABLET 400MG","init.categ_products_drug_orders","product","init.a8a07f8e-1350-11df-a1f1-0026b9348838","init.a8a07f8e-1350-11df-a1f1-0026b9348838","Ordered quantities","3.44","2.87","local","963","400MG"
"init.ccb61ba4-2c07-5a46-a162-679da03add87","CEFTAZIDIME INJECTION 1G .","init.categ_products_drug_orders","product","init.e5e1fa57-2b8b-4aef-9b8c-8378b5382791","init.e5e1fa57-2b8b-4aef-9b8c-8378b5382791","Ordered quantities","140.40","117.00","local","","1G"
"init.f745540f-6fa7-5b89-b402-c888842afbf9","CEFTRIAXONE INJECTION IM/IV - 1G","init.categ_products_drug_orders","product","init.e5e1fa57-2b8b-4aef-9b8c-8378b5382791","init.e5e1fa57-2b8b-4aef-9b8c-8378b5382791","Ordered quantities","2.19","1.82","local","496","1G"
"init.15bdaee5-d6be-5187-9c4c-f17fcfcdd59c","CELECOXIB CAPSULE 200MG","init.categ_products_drug_orders","product","init.a8a0810a-1350-11df-a1f1-0026b9348838","init.a8a0810a-1350-11df-a1f1-0026b9348838","Ordered quantities","11.34","9.45","local","956","200MG"
"init.326d2f9b-1c78-5bca-a5a2-8d1f652338bf","CHLORHEXIDINE GEL 4% (7.1% AS DIGLUCONATE)","init.categ_products_drug_orders","product","init.2c731799-e52f-40cd-864d-fb12a89a1f81","init.2c731799-e52f-40cd-864d-fb12a89a1f81","Ordered quantities","25.20","21.00","local","",""
"init.891d3389-1c5f-5320-8775-7fdcad987fe4","CHLORHEXIDINE GLUCONATE 0.2% MOUTH WASH","init.categ_products_drug_orders","product","init.a8a0630a-1350-11df-a1f1-0026b9348838","init.a8a0630a-1350-11df-a1f1-0026b9348838","Ordered quantities","170.40","142.00","local","",""
"init.9a04d39e-9842-5f97-bab9-46826e9077e6","CHLORHEXIDINE GLUCONATE - 5%","init.categ_products_drug_orders","product","init.a8a0630a-1350-11df-a1f1-0026b9348838","init.a8a0630a-1350-11df-a1f1-0026b9348838","Ordered quantities","1974.00","1645.00","local","",""
"init.63f4be4d-9cb7-5a3e-86b2-a84f9f7c9609","CHLORPHENIRAMINE SYRUP 2MG/5ML","init.categ_products_drug_orders","product","init.a8a07ed0-1350-11df-a1f1-0026b9348838","init.a8a07ed0-1350-11df-a1f1-0026b9348838","Ordered quantities","22.80","19.00","local","913","2MG"
"init.00c69f5b-44b6-5b4e-83d0-9337f0e7e90e","CHLORPROMAZINE INJECTION - 50MG/2ML","init.categ_products_drug_orders","product","init.e5e1fa57-2b8b-4aef-9b8c-8378b5382791","init.e5e1fa57-2b8b-4aef-9b8c-8378b5382791","Ordered quantities","10.80","9.00","local","914","50MG"
"init.040b3ff5-321e-5558-bc39-47c1ea5f78d9","CHLORPROMAZINE TABLETS 100MG","init.categ_products_drug_orders","product","init.a8a07f8e-1350-11df-a1f1-0026b9348838","init.a8a07f8e-1350-11df-a1f1-0026b9348838","Ordered quantities","2.76","2.30","local","914","100MG"
"init.adcd6488-ccf6-507e-9e92-f7314fb4168b","CHOLECALCIFEROL (VIT D3) ORAL LIQUID (DROPS) 400IU/ML","init.categ_products_drug_orders","product","init.0af16f27-aaa0-4bb1-b1a6-43734dab1a5c","init.0af16f27-aaa0-4bb1-b1a6-43734dab1a5c","Ordered quantities","150.00","125.00","local","","400IU"
"init.bb78c23f-f563-5648-9800-c350d253d839","CIPROFLOXACIN 0.3% + DEXAMETHASONE 0.1% EYE DROPS","init.categ_products_drug_orders","product","init.3fbfabc6-9e78-4c70-85ee-8e66fc2418c5","init.3fbfabc6-9e78-4c70-85ee-8e66fc2418c5","Ordered quantities","68.40","57.00","local","",""
"init.f7dcc2f1-1b94-5476-ad53-90da4b18783c","CIPROFLOXACIN EYE DROPS 0.3%","init.categ_products_drug_orders","product","init.3fbfabc6-9e78-4c70-85ee-8e66fc2418c5","init.3fbfabc6-9e78-4c70-85ee-8e66fc2418c5","Ordered quantities","52.80","44.00","local","740",""
"init.5dabf424-d13b-5a27-a7f6-2a5c02cf33b6","CIPROFLOXACIN SOLUTION FOR IV INFUSION 2MG/ML (AS LACTATE)","init.categ_products_drug_orders","product","init.e5e1fa57-2b8b-4aef-9b8c-8378b5382791","init.e5e1fa57-2b8b-4aef-9b8c-8378b5382791","Ordered quantities","44.40","37.00","local","740","2MG/ML"
"init.571fcc06-947c-54f9-9c88-0ed384c2ef10","CIPROFLOXACIN TABLET 500MG","init.categ_products_drug_orders","product","init.a8a07f8e-1350-11df-a1f1-0026b9348838","init.a8a07f8e-1350-11df-a1f1-0026b9348838","Ordered quantities","4.02","3.35","local","740","500MG"
"init.8c9321e8-43d7-5959-bd43-6247ea4d03ea","CLARITHROMYCIN TABLET 500MG","init.categ_products_drug_orders","product","init.a8a07f8e-1350-11df-a1f1-0026b9348838","init.a8a07f8e-1350-11df-a1f1-0026b9348838","Ordered quantities","33.60","28.00","local","8922","500MG"
"init.00ef4ccb-a663-555d-b040-02597fd11cf7","CLINDAMYCIN CAPSULES 150MG","init.categ_products_drug_orders","product","init.a8a0810a-1350-11df-a1f1-0026b9348838","init.a8a0810a-1350-11df-a1f1-0026b9348838","Ordered quantities","12.30","10.25","local","12102","150MG"
"init.1f8d99df-2b1a-5f74-a384-dd748c399441","CLINDAMYCIN INJECTION 150MG / ML 2ML AMPOULE","init.categ_products_drug_orders","product","init.e5e1fa57-2b8b-4aef-9b8c-8378b5382791","init.e5e1fa57-2b8b-4aef-9b8c-8378b5382791","Ordered quantities","120.00","100.00","local","12102","150MG"
"init.05acb6ff-7bb8-5e02-a57c-c47dc95e1287","CLOMIPHENE CITRATE TABLETS 50MG","init.categ_products_drug_orders","product","init.a8a07f8e-1350-11df-a1f1-0026b9348838","init.a8a07f8e-1350-11df-a1f1-0026b9348838","Ordered quantities","12.40","10.33","local","","50MG"
"init.f9912ee0-e7d3-575c-866d-5ed293a5acf8","CLOPIDOGREL TABLETS 75MG","init.categ_products_drug_orders","product","init.a8a07f8e-1350-11df-a1f1-0026b9348838","init.a8a07f8e-1350-11df-a1f1-0026b9348838","Ordered quantities","4.00","3.33","local","8171","75MG"
"init.e7bbfef6-f0ba-5f14-822b-6d2105b7addc","CLOTRIMAZOLE CREAM - 1%","init.categ_products_drug_orders","product","init.2c731799-e52f-40cd-864d-fb12a89a1f81","init.2c731799-e52f-40cd-864d-fb12a89a1f81","Ordered quantities","0.23","0.19","local","960",""
"init.8732a4da-ebb2-5915-be93-69405b2b50ba","CLOTRIMAZOLE SOLTUION (EAR DROPS) 1%","init.categ_products_drug_orders","product","init.3fbfabc6-9e78-4c70-85ee-8e66fc2418c5","init.3fbfabc6-9e78-4c70-85ee-8e66fc2418c5","Ordered quantities","130.80","109.00","local","960",""
"init.6449ceea-2361-5d26-b479-7be707f35d16","CLOTRIMAZOLE VAGINAL TABLETS 500MG (WITH APPLICATOR)","init.categ_products_drug_orders","product","init.a8a07f8e-1350-11df-a1f1-0026b9348838","init.a8a07f8e-1350-11df-a1f1-0026b9348838","Ordered quantities","1.35","1.12","local","960","500MG"
"init.d168dfb8-2474-57b3-97c7-e16d38a53933","CO-PACK OF 4 SATCHETS OF LOW OSMOLARITY ORS (500ML FORMULATION) + 10 TABLETS OF DISPERSIBLE ZINC SULPHATE TABLETS 20MG","init.categ_products_drug_orders","product","init.a8a07f8e-1350-11df-a1f1-0026b9348838","init.a8a07f8e-1350-11df-a1f1-0026b9348838","Ordered quantities","0.23","0.19","local","","500ML"
"init.a60d4e23-0228-5ec5-a1f2-e2b218ca8d11","CO-TRIMOXAZOLE SUSPENSION - 240MG/5ML","init.categ_products_drug_orders","product","init.08709444-ac83-4af2-a8e5-86d91bb565b3","init.08709444-ac83-4af2-a8e5-86d91bb565b3","Ordered quantities","36.00","30.00","local","916","240MG"
"init.92cc1674-bad6-52b3-b78b-271227bf0ba5","CYCLOSPORIN CAPSULE 100MG","init.categ_products_drug_orders","product","init.a8a0810a-1350-11df-a1f1-0026b9348838","init.a8a0810a-1350-11df-a1f1-0026b9348838","Ordered quantities","444.00","370.00","local","","100MG"
"init.bedc3e11-0078-5359-b5be-d94a652014ed","CYCLOSPORIN CAPSULE 25MG","init.categ_products_drug_orders","product","init.a8a0810a-1350-11df-a1f1-0026b9348838","init.a8a0810a-1350-11df-a1f1-0026b9348838","Ordered quantities","130.80","109.00","local","","25MG"
"init.6a2659a7-708f-51fc-a0ba-de6899ad2ae4","DAPAGLIFOZIN 10MG TABLETS","init.categ_products_drug_orders","product","init.a8a07f8e-1350-11df-a1f1-0026b9348838","init.a8a07f8e-1350-11df-a1f1-0026b9348838","Ordered quantities","54.00","45.00","local","11969","10MG"
"init.05716d98-82d5-5506-9f75-448328f25aed","DEXAMETHASONE 0.1% + GENTAMICIN 0.3% EYE DROPS","init.categ_products_drug_orders","product","init.3fbfabc6-9e78-4c70-85ee-8e66fc2418c5","init.3fbfabc6-9e78-4c70-85ee-8e66fc2418c5","Ordered quantities","177.60","148.00","local","9186",""
"init.f83455cf-1e7f-57dd-901a-cf897b8721d3","DEXAMETHASONE INJECTION - 4MG/ML","init.categ_products_drug_orders","product","init.e5e1fa57-2b8b-4aef-9b8c-8378b5382791","init.e5e1fa57-2b8b-4aef-9b8c-8378b5382791","Ordered quantities","10.80","9.00","local","7207","4MG/ML"
"init.c7c48b19-ed9e-55c3-992c-9a94795b9513","DEXKETOPROFEN TABLET 25MG SCORED","init.categ_products_drug_orders","product","init.a8a07f8e-1350-11df-a1f1-0026b9348838","init.a8a07f8e-1350-11df-a1f1-0026b9348838","Ordered quantities","38.10","31.75","local","","25MG"
"init.37d994ee-0bbb-5225-9046-69b429eb2aa8","DEXTROSE - 10% BOTTLE WITH EURO CAP","init.categ_products_drug_orders","product","init.a8a0810a-1350-11df-a1f1-0026b9348838","init.a8a0810a-1350-11df-a1f1-0026b9348838","Ordered quantities","2.10","1.75","local","7101",""
"init.dfc08f18-a2be-5acf-a198-583a612fbdaa","DEXTROSE - 5% BOTTLE WITH EURO CAP BOTTLE","init.categ_products_drug_orders","product","init.a8a0810a-1350-11df-a1f1-0026b9348838","init.a8a0810a-1350-11df-a1f1-0026b9348838","Ordered quantities","55.00","44.00","local","7101",""
"init.ff9390f6-1be7-5ae6-8166-c98555a7c61b","DIAZEPAM INJECTION - 5MG/ML 2ML","init.categ_products_drug_orders","product","init.e5e1fa57-2b8b-4aef-9b8c-8378b5382791","init.e5e1fa57-2b8b-4aef-9b8c-8378b5382791","Ordered quantities","43.92","36.60","local","247","5MG/ML"
"init.8aa118e4-cf20-5d92-bb05-b47b8e343aa1","DIAZEPAM TAB 5MG","init.categ_products_drug_orders","product","init.a8a07f8e-1350-11df-a1f1-0026b9348838","init.a8a07f8e-1350-11df-a1f1-0026b9348838","Ordered quantities","0.70","0.58","local","247","5MG"
"init.5da5f2aa-edcd-57e6-af86-590669d55187","DIGOXIN TABLETS 250 MCG","init.categ_products_drug_orders","product","init.a8a07f8e-1350-11df-a1f1-0026b9348838","init.a8a07f8e-1350-11df-a1f1-0026b9348838","Ordered quantities","8.78","7.32","local","8172","250MCG"
"init.3e3f6e46-b869-5651-b10f-2ec23a537c09","DIHYDROCODEINE TARTRATE TAB 30MG","init.categ_products_drug_orders","product","init.a8a07f8e-1350-11df-a1f1-0026b9348838","init.a8a07f8e-1350-11df-a1f1-0026b9348838","Ordered quantities","12.00","10.00","local","","30MG"
"init.ddbb13d9-6119-5196-82f0-3a9c3985d064","DIVALPROEX SODIUM TABLETS 500MG","init.categ_products_drug_orders","product","init.a8a07f8e-1350-11df-a1f1-0026b9348838","init.a8a07f8e-1350-11df-a1f1-0026b9348838","Ordered quantities","27.40","22.83","local","","500MG"
"init.b6448deb-fc8b-5dcc-8f89-7cc1032bc62e","DOMPERIDONE 1MG / ML SYRUP","init.categ_products_drug_orders","product","init.a8a07ed0-1350-11df-a1f1-0026b9348838","init.a8a07ed0-1350-11df-a1f1-0026b9348838","Ordered quantities","114.00","95.00","local","959","1MG"
"init.217a9f15-040b-5e10-9c74-4f73cc303a48","DOPAMINE 40MG/ML 5ML","init.categ_products_drug_orders","product","init.e5e1fa57-2b8b-4aef-9b8c-8378b5382791","init.e5e1fa57-2b8b-4aef-9b8c-8378b5382791","Ordered quantities","348.00","290.00","local","9246","40MG/ML"
"init.4f9cbf0a-5373-57c4-a4a2-3d55ffe7adf3","DOXYCYCLINE CAPSULES100MG","init.categ_products_drug_orders","product","init.a8a0810a-1350-11df-a1f1-0026b9348838","init.a8a0810a-1350-11df-a1f1-0026b9348838","Ordered quantities","14.12","11.76","local","100",""
"init.4625ccb6-d31e-5c53-ae67-f54bdb1ce263","ENALAPRIL TABLETS - 5MG","init.categ_products_drug_orders","product","init.a8a07f8e-1350-11df-a1f1-0026b9348838","init.a8a07f8e-1350-11df-a1f1-0026b9348838","Ordered quantities","0.25","0.21","local","1242","5MG"
"init.fc34c729-9c8a-5594-8210-7d833db618d5","ENOXAPARIN INJECTION (PREFILLED SYRINGE) 80MG/0.8 ML","init.categ_products_drug_orders","product","init.e5e1fa57-2b8b-4aef-9b8c-8378b5382791","init.e5e1fa57-2b8b-4aef-9b8c-8378b5382791","Ordered quantities","772.20","643.50","local","8835","80MG"
"init.20c1491c-3e35-5d17-bf4a-4cf341f7340a","ENOXAPARIN SODIUM 40MG/0.4 ML INJECTION (PAIR OF SYRINGE).","init.categ_products_drug_orders","product","init.e5e1fa57-2b8b-4aef-9b8c-8378b5382791","init.e5e1fa57-2b8b-4aef-9b8c-8378b5382791","Ordered quantities","936.00","780.00","local","","40MG"
"init.e7d9be77-7c70-501e-a262-80770627be82","ENZYMATIC DETERGENT","init.categ_products_drug_orders","product","init.a8a0630a-1350-11df-a1f1-0026b9348838","init.a8a0630a-1350-11df-a1f1-0026b9348838","Ordered quantities","8460.00","7050.00","local","",""
"init.8e25b5f9-ddf6-4515-84b5-74f6cdffecd5","EPHEDRINE HCL INJ. 30MG/ML","init.categ_products_drug_orders","product","init.e5e1fa57-2b8b-4aef-9b8c-8378b5382791","init.e5e1fa57-2b8b-4aef-9b8c-8378b5382791","Ordered quantities","152.40","127.00","local","","30MG/ML"
"init.25badb27-07c2-5cf3-b266-8f9619746da5","ERYTHROPOIETIN 2000 I.U/0.5ML INJECTION Α","init.categ_products_drug_orders","product","init.e5e1fa57-2b8b-4aef-9b8c-8378b5382791","init.e5e1fa57-2b8b-4aef-9b8c-8378b5382791","Ordered quantities","420.00","350.00","local","","0.5ML"
"init.2dc72f91-9434-5bc2-9e4f-5bfee5d64e2a","ESCITALOPRAM 10MG TABLET","init.categ_products_drug_orders","product","init.a8a07f8e-1350-11df-a1f1-0026b9348838","init.a8a07f8e-1350-11df-a1f1-0026b9348838","Ordered quantities","15.04","12.53","local","","10MG"
"init.2a9d5d12-bee4-4b9d-8590-3a7b05552c57","ETHANOL (DENATURED) - 70%","init.categ_products_drug_orders","product","init.a8a0630a-1350-11df-a1f1-0026b9348838","init.a8a0630a-1350-11df-a1f1-0026b9348838","Ordered quantities","1152.00","960.00","local","",""
"init.06f573ef-072f-5905-88b8-ff1649b8d8c1","FEBUXOSTAT TABLETS 40MG","init.categ_products_drug_orders","product","init.a8a07f8e-1350-11df-a1f1-0026b9348838","init.a8a07f8e-1350-11df-a1f1-0026b9348838","Ordered quantities","10.40","8.67","local","","40MG"
"init.088b55ed-eea3-501e-877e-e1b9e98369cf","FENTANYL CITRATE 100MCG (50MCG/ML) 2ML AMPOULE","init.categ_products_drug_orders","product","init.e5e1fa57-2b8b-4aef-9b8c-8378b5382791","init.e5e1fa57-2b8b-4aef-9b8c-8378b5382791","Ordered quantities","86.40","72.00","local","","100MCG"
"init.b6c81876-98c1-5b6c-a386-105c2218f2c9","FERROUS SULPH./FOLIC ACID TABLETS 200MG/400MCG BLISTER PACK","init.categ_products_drug_orders","product","init.a8a07f8e-1350-11df-a1f1-0026b9348838","init.a8a07f8e-1350-11df-a1f1-0026b9348838","Ordered quantities","1.59","1.32","local","773","200MG"
"init.544867d6-5465-5b6b-82cc-64f1fe8e1536","FLAVONOIDIC DIOSMIN/HESPERIDIN 450MG/50MG TABLETS","init.categ_products_drug_orders","product","init.a8a07f8e-1350-11df-a1f1-0026b9348838","init.a8a07f8e-1350-11df-a1f1-0026b9348838","Ordered quantities","66.00","55.00","local","","450MG"
"init.5b80b7d7-2389-5f7a-b039-9b1e272aaf90","FLUCLOXACILLIN 125MG/5ML SUSPENSION 100ML","init.categ_products_drug_orders","product","init.08709444-ac83-4af2-a8e5-86d91bb565b3","init.08709444-ac83-4af2-a8e5-86d91bb565b3","Ordered quantities","0.58","0.49","local","447","125MG"
"init.d8f6626c-98d5-5225-891a-b9c50366248f","FLUCLOXACILLIN CAPSULES 250MG","init.categ_products_drug_orders","product","init.a8a0810a-1350-11df-a1f1-0026b9348838","init.a8a0810a-1350-11df-a1f1-0026b9348838","Ordered quantities","14.88","12.40","local","447","250MG"
"init.a431f005-bcaf-551e-b23f-ea93f48f9358","FLUCLOXACILLIN CAPSULES 500MG","init.categ_products_drug_orders","product","init.a8a0810a-1350-11df-a1f1-0026b9348838","init.a8a0810a-1350-11df-a1f1-0026b9348838","Ordered quantities","8.64","7.20","local","447","500MG"
"init.cd138ce6-ce30-5ed7-8192-97ff9dc3ae0b","FLUCLOXACILLIN INJECTION 500MG","init.categ_products_drug_orders","product","init.e5e1fa57-2b8b-4aef-9b8c-8378b5382791","init.e5e1fa57-2b8b-4aef-9b8c-8378b5382791","Ordered quantities","43.20","36.00","local","447","500MG"
"init.16bf9e1e-ce1b-58c0-ab1a-d9668de10501","FLUCONAZOLE CAPSULES - 200MG","init.categ_products_drug_orders","product","init.a8a0810a-1350-11df-a1f1-0026b9348838","init.a8a0810a-1350-11df-a1f1-0026b9348838","Ordered quantities","6.96","5.80","local","747","200MG"
"init.3b548d96-deb9-5fc6-8198-2171f3d9bd2c","FLUCONAZOLE IV 2MG/ML-100ML","init.categ_products_drug_orders","product","init.e5e1fa57-2b8b-4aef-9b8c-8378b5382791","init.e5e1fa57-2b8b-4aef-9b8c-8378b5382791","Ordered quantities","270.00","225.00","local","747","2MG/ML"
"init.fd7fe7e7-ad28-4d4f-af30-6fc89ea71ca9","FLUOROMETHOLONE EYE DROPS 0.1% W/V 5ML","init.categ_products_drug_orders","product","init.3fbfabc6-9e78-4c70-85ee-8e66fc2418c5","init.3fbfabc6-9e78-4c70-85ee-8e66fc2418c5","Ordered quantities","175.20","146.00","local","15125","5ML"
"init.6c3781aa-cc87-5ba3-b5f6-8eb5db56dbde","FLUOXETINE CAPSULES - 20MG","init.categ_products_drug_orders","product","init.a8a0810a-1350-11df-a1f1-0026b9348838","init.a8a0810a-1350-11df-a1f1-0026b9348838","Ordered quantities","3.78","3.15","local","2281","20MG"
"init.e7763e29-8b84-5db2-8548-de920f20aed4","FLUPENTIXOL DECANOATE 20MG/ML INJECTION( OILY DEPOT)","init.categ_products_drug_orders","product","init.e5e1fa57-2b8b-4aef-9b8c-8378b5382791","init.e5e1fa57-2b8b-4aef-9b8c-8378b5382791","Ordered quantities","1380.00","1150.00","local","15126","20MG/ML"
"init.dbbccbd4-9abe-5ffa-8404-9f27668d09c8","FLUPHENAZINE INJECTION - 25MG/ML","init.categ_products_drug_orders","product","init.e5e1fa57-2b8b-4aef-9b8c-8378b5382791","init.e5e1fa57-2b8b-4aef-9b8c-8378b5382791","Ordered quantities","18.60","15.50","local","927","25MG/ML"
"init.f01a3840-2fdc-5045-b13e-4ed038af4b6f","FOLIC ACID TABLETS 5MG","init.categ_products_drug_orders","product","init.a8a07f8e-1350-11df-a1f1-0026b9348838","init.a8a07f8e-1350-11df-a1f1-0026b9348838","Ordered quantities","0.54","0.45","local","257","5MG"
"init.c06d3e86-bbda-48cb-ab83-f3a15868b087","FORMALDEHYDE 40% SOLUTION","init.categ_products_drug_orders","product","init.0af16f27-aaa0-4bb1-b1a6-43734dab1a5c","init.0af16f27-aaa0-4bb1-b1a6-43734dab1a5c","Ordered quantities","1620.00","1350.00","local","15127",""
"init.65aa9a2b-a07f-58b9-81a9-3990472b8a05","FUROSEMIDE INJECTION - 20MG/2ML","init.categ_products_drug_orders","product","init.e5e1fa57-2b8b-4aef-9b8c-8378b5382791","init.e5e1fa57-2b8b-4aef-9b8c-8378b5382791","Ordered quantities","6.00","5.00","local","99","20MG"
"init.e106f8f7-846a-5d0e-8f42-e7f42b013f0b","FUROSEMIDE TABLETS 40MG","init.categ_products_drug_orders","product","init.a8a07f8e-1350-11df-a1f1-0026b9348838","init.a8a07f8e-1350-11df-a1f1-0026b9348838","Ordered quantities","0.89","0.74","local","99","40MG"
"init.cb026a51-cb6f-5500-b1f4-38c931b77bd7","GABAPENTIN CAP 300MG","init.categ_products_drug_orders","product","init.a8a0810a-1350-11df-a1f1-0026b9348838","init.a8a0810a-1350-11df-a1f1-0026b9348838","Ordered quantities","10.20","8.50","local","2274","300MG"
"init.e0a6da11-0800-5ef2-b906-582930c88017","GENTAMICIN INJECTION - 10MG/ML 2ML AMP","init.categ_products_drug_orders","product","init.e5e1fa57-2b8b-4aef-9b8c-8378b5382791","init.e5e1fa57-2b8b-4aef-9b8c-8378b5382791","Ordered quantities","48.00","40.00","local","100","10MG/ML"
"init.e26b3025-c038-5c45-b1a2-98898c2147a5","GENTAMICIN INJECTION - 80MG/ML 2ML AMP","init.categ_products_drug_orders","product","init.e5e1fa57-2b8b-4aef-9b8c-8378b5382791","init.e5e1fa57-2b8b-4aef-9b8c-8378b5382791","Ordered quantities","0.00","0.00","local","100","80MG/ML"
"init.06ec7a27-ad38-521f-b9b6-e79fb969dfc8","GENTAMICIN INJECTION - 40MG/ML 2ML AMP","init.categ_products_drug_orders","product","init.e5e1fa57-2b8b-4aef-9b8c-8378b5382791","init.e5e1fa57-2b8b-4aef-9b8c-8378b5382791","Ordered quantities","0.04","0.04","local","100","40MG/ML"
"init.7fc68da9-7b4c-555a-abb9-0d435604ba06","GENTAMICIN SULPHATE SOLUTION (EYE / EAR DROPS) 0.3 % W/V","init.categ_products_drug_orders","product","init.3fbfabc6-9e78-4c70-85ee-8e66fc2418c5","init.3fbfabc6-9e78-4c70-85ee-8e66fc2418c5","Ordered quantities","31.20","26.00","local","",""
"init.7030f22c-5342-51f9-8f7a-f8e92ca8c80c","GLICLAZIDE TABLETS (M/R) 30 MG","init.categ_products_drug_orders","product","init.a8a07f8e-1350-11df-a1f1-0026b9348838","init.a8a07f8e-1350-11df-a1f1-0026b9348838","Ordered quantities","21.00","17.50","local","2258","30MG"
"init.d34b95c3-5582-558c-9a76-ae80268c37f6","GLUCOSE INJECTION 50% 50ML (DEXTROSE) COLLAPSIBLE BAG","init.categ_products_drug_orders","product","init.e5e1fa57-2b8b-4aef-9b8c-8378b5382791","init.e5e1fa57-2b8b-4aef-9b8c-8378b5382791","Ordered quantities","108.00","90.00","local","7101","50ML"
"init.ab9cbf18-4a1d-58c0-9dd1-c486fdf73031","GLYCOPYRRONIUM INJECTION SOLUTION FOR INJECTION 200 MCG /ML( AS BROMIDE) 1ML AMPOULE","init.categ_products_drug_orders","product","init.e5e1fa57-2b8b-4aef-9b8c-8378b5382791","init.e5e1fa57-2b8b-4aef-9b8c-8378b5382791","Ordered quantities","287.52","239.60","local","","200MCG"
"init.6e71b74c-9885-5bef-b877-6ebc890da5bd","GOSERELIN IMPLANT (IN SYRINGE APPLICATOR) 10.8 MG (AS ACETATE) IN A PREFILLED SYRINGE","init.categ_products_drug_orders","product","init.a8a0630a-1350-11df-a1f1-0026b9348838","init.a8a0630a-1350-11df-a1f1-0026b9348838","Ordered quantities","20400.00","17000.00","local","8519","10.8MG"
"init.055282b2-9f66-5ee2-bddb-b75922e8d00a","GOSERELIN INJECTION AS IMPLANT IN SYRINGE APPLICATOR 3.6 MG (AS ACETATE)","init.categ_products_drug_orders","product","init.e5e1fa57-2b8b-4aef-9b8c-8378b5382791","init.e5e1fa57-2b8b-4aef-9b8c-8378b5382791","Ordered quantities","11223.60","9353.00","local","8519","3.6MG"
"init.a0aa68c8-0038-50c9-97b0-a512d1058e3a","GRISEOFULVIN TABLETS 125MG","init.categ_products_drug_orders","product","init.a8a07f8e-1350-11df-a1f1-0026b9348838","init.a8a07f8e-1350-11df-a1f1-0026b9348838","Ordered quantities","3.36","2.80","local","7584","125MG"
"init.a7f2f0bb-2c95-557c-b820-4c72a835da35","HALOPERIDOL DECANOATE DEPOT- 50MG/ML1ML AMPUOLE","init.categ_products_drug_orders","product","init.e5e1fa57-2b8b-4aef-9b8c-8378b5382791","init.e5e1fa57-2b8b-4aef-9b8c-8378b5382791","Ordered quantities","400.80","334.00","local","2283","50MG"
"init.9b8bc6dc-bdcb-5de8-9cfa-b8013b769985","HEPARINE INJECTION - 5000UNITS/ML 5ML","init.categ_products_drug_orders","product","init.e5e1fa57-2b8b-4aef-9b8c-8378b5382791","init.e5e1fa57-2b8b-4aef-9b8c-8378b5382791","Ordered quantities","480.00","400.00","local","8893","5ML"
"init.91504117-94ee-5cf3-ad2a-3890da10479e","HEPARINE INJECTION - 5000UNITS/ML 5ML(ROTEXMEDICA)","init.categ_products_drug_orders","product","init.e5e1fa57-2b8b-4aef-9b8c-8378b5382791","init.e5e1fa57-2b8b-4aef-9b8c-8378b5382791","Ordered quantities","1440.00","1200.00","local","8893","5ML"
"init.185f7670-1aef-5c21-b283-19b93bbc403d","HEPARIN SODIUM INJECTION 5000 IU/ML 5ML","init.categ_products_drug_orders","product","init.e5e1fa57-2b8b-4aef-9b8c-8378b5382791","init.e5e1fa57-2b8b-4aef-9b8c-8378b5382791","Ordered quantities","1440.00","1200.00","local","","5000IU"
"init.242c173e-4e6c-5207-8a50-b692b1a6cfee","HEPATITIS B VACCINE (ADULT) 20 MCG/ML 1 ML","init.categ_products_drug_orders","product","init.e5e1fa57-2b8b-4aef-9b8c-8378b5382791","init.e5e1fa57-2b8b-4aef-9b8c-8378b5382791","Ordered quantities","460.80","384.00","local","782","20MCG"
"init.6b5ec22f-7b2f-5ce3-990d-00e2d49b47f7","HYDRALAZINE TABLETS - 25MG","init.categ_products_drug_orders","product","init.a8a07f8e-1350-11df-a1f1-0026b9348838","init.a8a07f8e-1350-11df-a1f1-0026b9348838","Ordered quantities","3.25","2.71","local","929","25MG"
"init.c8e62ab8-cfe2-57bf-8273-af4eb0691eaa","HYDROCHLOROTHIAZIDE TABLETS 25MG SCORED BLISTER PACK","init.categ_products_drug_orders","product","init.a8a07f8e-1350-11df-a1f1-0026b9348838","init.a8a07f8e-1350-11df-a1f1-0026b9348838","Ordered quantities","1.70","1.42","local","1243","25MG"
"init.0060c9c0-e5ce-588b-bbc0-73673f14a97f","HYDROCORTISONE INJECTION - 100MG","init.categ_products_drug_orders","product","init.e5e1fa57-2b8b-4aef-9b8c-8378b5382791","init.e5e1fa57-2b8b-4aef-9b8c-8378b5382791","Ordered quantities","0.65","0.54","local","290","100MG"
"init.b4f9c220-023d-5238-aa92-b4ad181b9fdb","HYDROCORTISONE OINTMENT - 1%","init.categ_products_drug_orders","product","init.89791287-a474-4a34-b8a5-7357da93ebec","init.89791287-a474-4a34-b8a5-7357da93ebec","Ordered quantities","36.00","30.00","local","290",""
"init.0aee4f72-029b-5270-92f0-dcae344372c5","HYDROXYCARBAMIDE (HYDROXYUREA) CAPSULE 500 MG","init.categ_products_drug_orders","product","init.a8a0810a-1350-11df-a1f1-0026b9348838","init.a8a0810a-1350-11df-a1f1-0026b9348838","Ordered quantities","39.48","32.90","local","7211","500MG"
"init.89fdc2a1-5d67-5825-9353-49fc3eb69680","HYOSCINE BUTYL BROMIDE INJECTION 20MG/ML","init.categ_products_drug_orders","product","init.e5e1fa57-2b8b-4aef-9b8c-8378b5382791","init.e5e1fa57-2b8b-4aef-9b8c-8378b5382791","Ordered quantities","19.20","16.00","local","431","20MG/ML"
"init.58e17823-ecaf-5563-a8b7-7f7eda0497da","HYOSCINE BUTYLBROMIDE TABLETS 10MG (F/C)","init.categ_products_drug_orders","product","init.a8a07f8e-1350-11df-a1f1-0026b9348838","init.a8a07f8e-1350-11df-a1f1-0026b9348838","Ordered quantities","3.42","2.85","local","431","10MG"
"init.78d19083-8f0d-5cf8-aeb7-c4e3a00b418e","IBUPROFEN SYRUP 100MG/5ML 60ML","init.categ_products_drug_orders","product","init.a8a07ed0-1350-11df-a1f1-0026b9348838","init.a8a07ed0-1350-11df-a1f1-0026b9348838","Ordered quantities","0.03","0.03","local","912","100MG"
"init.88982bd5-6acc-5845-9d32-a2786df9911a","INDAPAMIDE 1.5MG SLOW RELEASE TABLETS","init.categ_products_drug_orders","product","init.a8a07f8e-1350-11df-a1f1-0026b9348838","init.a8a07f8e-1350-11df-a1f1-0026b9348838","Ordered quantities","51.60","43.00","local","12724","1.5MG"
"init.37b9f611-82a5-56bc-b38a-533642772f43","INDAPAMIDE + AMLODIPINE 1.5MG/10MG TABLETS","init.categ_products_drug_orders","product","init.a8a07f8e-1350-11df-a1f1-0026b9348838","init.a8a07f8e-1350-11df-a1f1-0026b9348838","Ordered quantities","70.00","58.33","local","","1.5MG"
"init.669792ff-6735-56ad-b12e-af95881d9b35","INDAPAMIDE + AMLODIPINE 1.5MG/5MG TABLETS","init.categ_products_drug_orders","product","init.a8a07f8e-1350-11df-a1f1-0026b9348838","init.a8a07f8e-1350-11df-a1f1-0026b9348838","Ordered quantities","64.00","53.33","local","","1.5MG"
"init.311a09a2-bc34-5557-bd4e-819ad4b36a74","INDAPAMIDE + PERINDOPRIL 1.25MG/5MG TABLETS","init.categ_products_drug_orders","product","init.a8a07f8e-1350-11df-a1f1-0026b9348838","init.a8a07f8e-1350-11df-a1f1-0026b9348838","Ordered quantities","68.00","56.67","local","","1.25MG"
"init.9f45fd0d-b8b7-5edc-ac32-48d38332e315","INDAPAMIDE + PERINDOPRIL 2.5MG/10MG TABLETS","init.categ_products_drug_orders","product","init.a8a07f8e-1350-11df-a1f1-0026b9348838","init.a8a07f8e-1350-11df-a1f1-0026b9348838","Ordered quantities","86.00","71.67","local","","2.5MG"
"init.d413ad1d-c0bc-5122-8b8b-eeed17aa8a32","INSULIN (PREMIX) RECOMBINANT HUMAN ( 30 REGULAR + 70 NPH) ALSO CALLED BIPHASIC ( 30/70) 100 IU/ML -10ML VIAL","init.categ_products_drug_orders","product","init.e5e1fa57-2b8b-4aef-9b8c-8378b5382791","init.e5e1fa57-2b8b-4aef-9b8c-8378b5382791","Ordered quantities","492.00","410.00","local","2254","100IU"
"init.a42adceb-108e-5920-bf90-fdffdcbd004f","INSULIN -SHORT ACTING( SOLUBLE) 100 IU/ML -10 ML VIAL","init.categ_products_drug_orders","product","init.e5e1fa57-2b8b-4aef-9b8c-8378b5382791","init.e5e1fa57-2b8b-4aef-9b8c-8378b5382791","Ordered quantities","522.00","435.00","local","","100IU"
"init.556cec85-6536-504d-91f2-8ab31519e846","IRON SUCROSE 20MG/ML 5ML INJ.","init.categ_products_drug_orders","product","init.e5e1fa57-2b8b-4aef-9b8c-8378b5382791","init.e5e1fa57-2b8b-4aef-9b8c-8378b5382791","Ordered quantities","138.00","115.00","local","","20MG/ML"
"init.b0b37b85-4169-4eed-898b-afdd3434a922","ISOFLURANE LIQUID FOR INHALATION","init.categ_products_drug_orders","product","init.56624b7a-6f24-40aa-af30-cad799d110c5","init.56624b7a-6f24-40aa-af30-cad799d110c5","Ordered quantities","4392.00","3660.00","local","",""
"init.177423e7-1d31-5ce7-96c9-c5072d715890","ITRACONAZOLE CAPSULES 100MG 4/PK","init.categ_products_drug_orders","product","init.a8a0810a-1350-11df-a1f1-0026b9348838","init.a8a0810a-1350-11df-a1f1-0026b9348838","Ordered quantities","33.30","27.75","local","962","100MG"
"init.2561da71-f49c-57be-8da6-649aecb477b1","KETAMINE INJECTION - 50MG/ML 10ML VIAL","init.categ_products_drug_orders","product","init.e5e1fa57-2b8b-4aef-9b8c-8378b5382791","init.e5e1fa57-2b8b-4aef-9b8c-8378b5382791","Ordered quantities","168.00","140.00","local","","50MG/ML"
"init.8d1bf48b-97e1-565c-bacb-f883385b94bf","KETOROLAC INJECTION (IM/IV) 30MG/ML","init.categ_products_drug_orders","product","init.e5e1fa57-2b8b-4aef-9b8c-8378b5382791","init.e5e1fa57-2b8b-4aef-9b8c-8378b5382791","Ordered quantities","90.00","75.00","local","","30MG/ML"
"init.5df3c3b9-afd6-5fb7-ae14-c5db8052bee7","KETOROLACSOLUTION EYE DROPS 0.5% (AS TROMETHAMINE)","init.categ_products_drug_orders","product","init.3fbfabc6-9e78-4c70-85ee-8e66fc2418c5","init.3fbfabc6-9e78-4c70-85ee-8e66fc2418c5","Ordered quantities","151.20","126.00","local","",""
"init.3a682278-4b15-543b-ad4a-d27b625506f1","LABETALOL INJECTION 100MG (5MG/ML) 20ML VIAL","init.categ_products_drug_orders","product","init.e5e1fa57-2b8b-4aef-9b8c-8378b5382791","init.e5e1fa57-2b8b-4aef-9b8c-8378b5382791","Ordered quantities","1974.00","1645.00","local","9192","100MG"
"init.b8c43166-a750-5195-a6e1-82999e78eb5a","LACTULOSE SOLUTION 3.335G/5ML200ML","init.categ_products_drug_orders","product","init.0af16f27-aaa0-4bb1-b1a6-43734dab1a5c","init.0af16f27-aaa0-4bb1-b1a6-43734dab1a5c","Ordered quantities","277.20","231.00","local","9223","3.335G"
"init.4f0140d3-bd8a-595c-89cc-a935c84b6a6e","LAMOTRIGINE 25MG TABLET","init.categ_products_drug_orders","product","init.a8a07f8e-1350-11df-a1f1-0026b9348838","init.a8a07f8e-1350-11df-a1f1-0026b9348838","Ordered quantities","41.20","34.33","local","","25MG"
"init.9355d470-fc4c-5151-8910-68927bb57e98","LAMOTRIGINE TABLET 100 MG","init.categ_products_drug_orders","product","init.a8a07f8e-1350-11df-a1f1-0026b9348838","init.a8a07f8e-1350-11df-a1f1-0026b9348838","Ordered quantities","45.00","37.50","local","","100MG"
"init.926d9da3-c531-5194-be9b-8ecef716a9ca","LANSOPRAZOLE DISPERSIBLE TABLET 15MG","init.categ_products_drug_orders","product","init.a8a07f8e-1350-11df-a1f1-0026b9348838","init.a8a07f8e-1350-11df-a1f1-0026b9348838","Ordered quantities","22.20","18.50","local","752","15MG"
"init.e60eca63-02d9-51fb-9b8c-7a71c3469b38","LEFLUNOMIDE TABLET 20MG FILM COATED","init.categ_products_drug_orders","product","init.a8a07f8e-1350-11df-a1f1-0026b9348838","init.a8a07f8e-1350-11df-a1f1-0026b9348838","Ordered quantities","51.60","43.00","local","","20MG"
"init.d14a9051-2337-5783-9f8a-5d4d94767668","LEVETIRACETAM 250MG TABLETS","init.categ_products_drug_orders","product","init.a8a07f8e-1350-11df-a1f1-0026b9348838","init.a8a07f8e-1350-11df-a1f1-0026b9348838","Ordered quantities","36.00","30.00","local","","250MG"
"init.20d141d5-d4ed-50f0-9f2d-78d7ab233932","LEVETIRACETAM 500MG TABLETS","init.categ_products_drug_orders","product","init.a8a07f8e-1350-11df-a1f1-0026b9348838","init.a8a07f8e-1350-11df-a1f1-0026b9348838","Ordered quantities","54.00","45.00","local","","500MG"
"init.9f1c4f92-e604-5146-ac2f-811388ff91c3","LEVETIRACETAM INJECTION100MG/ML","init.categ_products_drug_orders","product","init.e5e1fa57-2b8b-4aef-9b8c-8378b5382791","init.e5e1fa57-2b8b-4aef-9b8c-8378b5382791","Ordered quantities","1200.00","1000.00","local","",""
"init.ab2b51a2-4489-5db3-b445-265b0eab7ca2","LEVOFLOXACIN TABLET 500MG","init.categ_products_drug_orders","product","init.a8a07f8e-1350-11df-a1f1-0026b9348838","init.a8a07f8e-1350-11df-a1f1-0026b9348838","Ordered quantities","7.80","6.50","local","755","500MG"
"init.b1ac9978-5c50-4d18-95e6-714872a81ae9","LEVOTHYROXINE 100MCG","init.categ_products_drug_orders","product","init.a8a0630a-1350-11df-a1f1-0026b9348838","init.a8a0630a-1350-11df-a1f1-0026b9348838","Ordered quantities","8.21","6.84","local","10063","100MCG"
"init.b4175527-0ab7-4c07-9842-5f690bad2104","LIGNOCAINE HYDROCHLORIDE INJ. 1%","init.categ_products_drug_orders","product","init.e5e1fa57-2b8b-4aef-9b8c-8378b5382791","init.e5e1fa57-2b8b-4aef-9b8c-8378b5382791","Ordered quantities","66.00","55.00","local","",""
"init.33d212da-f3ec-52c5-9e21-bf97b8f055b0","LIGNOCAINE HYDROCHLORIDE INJECTION - 2%","init.categ_products_drug_orders","product","init.e5e1fa57-2b8b-4aef-9b8c-8378b5382791","init.e5e1fa57-2b8b-4aef-9b8c-8378b5382791","Ordered quantities","0.25","0.21","local","",""
"init.6bd66e06-bf14-5078-b9f9-9555c977a64f","LINEZOLID INJECTION 2MG/ML-300ML BOTTLE","init.categ_products_drug_orders","product","init.e5e1fa57-2b8b-4aef-9b8c-8378b5382791","init.e5e1fa57-2b8b-4aef-9b8c-8378b5382791","Ordered quantities","1788.00","1490.00","local","","2MG/ML"
"init.8af3f07d-cd0d-53f5-94b3-6cb6bb5e6108","LOPERAMIDE CAPSULES - 2MG","init.categ_products_drug_orders","product","init.a8a0810a-1350-11df-a1f1-0026b9348838","init.a8a0810a-1350-11df-a1f1-0026b9348838","Ordered quantities","3.12","2.60","local","429","2MG"
"init.57b620bf-8f0e-5158-b394-4b38f760b678","LOSARTAN POTTASIUM 50MG +HYDROCHLOTHIAZIDE 12.5 MG TABLETS","init.categ_products_drug_orders","product","init.a8a07f8e-1350-11df-a1f1-0026b9348838","init.a8a07f8e-1350-11df-a1f1-0026b9348838","Ordered quantities","2.24","1.87","local","","50MG"
"init.0e1c5efa-fab5-5217-9f0c-0bd06de31688","MANNITOL 20%W/V INFUSION 500ML","init.categ_products_drug_orders","product","init.e5e1fa57-2b8b-4aef-9b8c-8378b5382791","init.e5e1fa57-2b8b-4aef-9b8c-8378b5382791","Ordered quantities","391.20","326.00","local","","20%"
"init.f9e25a1e-5dab-5cf2-bac6-4883c5f7552a","MEROPENEM INJECTION PFR 500MG-VIAL","init.categ_products_drug_orders","product","init.e5e1fa57-2b8b-4aef-9b8c-8378b5382791","init.e5e1fa57-2b8b-4aef-9b8c-8378b5382791","Ordered quantities","262.80","219.00","local","9225","500MG"
"init.510932bf-f251-51b7-b7dc-4c31b7ea6860","METFORMIN TABLETS 500MG BLISTER PACKS","init.categ_products_drug_orders","product","init.a8a07f8e-1350-11df-a1f1-0026b9348838","init.a8a07f8e-1350-11df-a1f1-0026b9348838","Ordered quantities","5.00","4.17","local","2261","500MG"
"init.64f67829-15e6-580e-ab3e-df9df6dc6e72","METHYLATED SPIRIT/ETHANOL DENATURED (ALCOHOL CONTENT 94%-96%)","init.categ_products_drug_orders","product","init.a8a0630a-1350-11df-a1f1-0026b9348838","init.a8a0630a-1350-11df-a1f1-0026b9348838","Ordered quantities","1200.00","1000.00","local","",""
"init.99019a90-9329-57aa-b44f-06353c45d5fc","METHYLDOPA TABLETS 250MG FC","init.categ_products_drug_orders","product","init.a8a07f8e-1350-11df-a1f1-0026b9348838","init.a8a07f8e-1350-11df-a1f1-0026b9348838","Ordered quantities","8.45","7.04","local","251","250MG"
"init.bb8c72b5-c871-4911-8566-f4dc60547cdd","METHYL PREDNISOLONE 500MG INJECTION","init.categ_products_drug_orders","product","init.e5e1fa57-2b8b-4aef-9b8c-8378b5382791","init.e5e1fa57-2b8b-4aef-9b8c-8378b5382791","Ordered quantities","604.80","504.00","local","8477","500MG"
"init.7f40f4c2-3a3b-5ab7-8392-2f46d2df6037","METOCLOPRAMIDE INJECTION - 5MG/ML","init.categ_products_drug_orders","product","init.e5e1fa57-2b8b-4aef-9b8c-8378b5382791","init.e5e1fa57-2b8b-4aef-9b8c-8378b5382791","Ordered quantities","10.80","9.00","local","751","5MG/ML"
"init.d262b963-4157-56be-830b-4777db3222ed","METOCLOPRAMIDE TABLETS - 10MG","init.categ_products_drug_orders","product","init.a8a07f8e-1350-11df-a1f1-0026b9348838","init.a8a07f8e-1350-11df-a1f1-0026b9348838","Ordered quantities","0.78","0.65","local","751","10MG"
"init.ef2308f5-57f5-5cfe-bda5-8aa176900237","METOLAZONE TABLET 5MG","init.categ_products_drug_orders","product","init.a8a07f8e-1350-11df-a1f1-0026b9348838","init.a8a07f8e-1350-11df-a1f1-0026b9348838","Ordered quantities","54.00","45.00","local","","5MG"
"init.1a297f73-2631-59f1-9bc8-1d6d8e0d73b1","METRONIDAZOLE INJECTION - 5MG/ML IN 100ML BOTTLE","init.categ_products_drug_orders","product","init.e5e1fa57-2b8b-4aef-9b8c-8378b5382791","init.e5e1fa57-2b8b-4aef-9b8c-8378b5382791","Ordered quantities","32.00","25.60","local","237","5MG/ML"
"init.b5450ed5-f8c9-51c8-8641-400b1fab1365","METRONIDAZOLE SUSPENSION - 200MG/5ML","init.categ_products_drug_orders","product","init.08709444-ac83-4af2-a8e5-86d91bb565b3","init.08709444-ac83-4af2-a8e5-86d91bb565b3","Ordered quantities","0.15","0.12","local","237","200MG"
"init.90878449-f89a-5949-b6e9-4bb054c7ab0b","METRONIDAZOLE TABLETS 400MG","init.categ_products_drug_orders","product","init.a8a07f8e-1350-11df-a1f1-0026b9348838","init.a8a07f8e-1350-11df-a1f1-0026b9348838","Ordered quantities","0.25","0.21","local","237","400MG"
"init.a5e01276-083c-5b6d-a680-1cb6e856d8f6","MIDAZOLAM INJECTION 1MG/1ML- 5ML AMPOULE","init.categ_products_drug_orders","product","init.e5e1fa57-2b8b-4aef-9b8c-8378b5382791","init.e5e1fa57-2b8b-4aef-9b8c-8378b5382791","Ordered quantities","118.80","99.00","local","","1MG"
"init.0b5b2f2e-9e36-5326-bba6-eadf68467aa0","MIRTAZAPINE TABLET 15MG (AS HYDROCHLORIDE)","init.categ_products_drug_orders","product","init.a8a07f8e-1350-11df-a1f1-0026b9348838","init.a8a07f8e-1350-11df-a1f1-0026b9348838","Ordered quantities","80.00","66.67","local","","15MG"
"init.c635f895-380b-520c-9da2-81ea8cba64fc","MOMETASONE FUROATE OINTMENT 0.1% - 15G","init.categ_products_drug_orders","product","init.89791287-a474-4a34-b8a5-7357da93ebec","init.89791287-a474-4a34-b8a5-7357da93ebec","Ordered quantities","87.60","73.00","local","","15G"
"init.4a411259-ec7a-53ff-a377-d84c445cabf8","MONTELUKAST (AS SOD. SALT) TABLET 10MG","init.categ_products_drug_orders","product","init.a8a07f8e-1350-11df-a1f1-0026b9348838","init.a8a07f8e-1350-11df-a1f1-0026b9348838","Ordered quantities","19.46","16.21","local","9534","10MG"
"init.56cc3af3-6a50-5019-a557-69380b96c966","MORPHINE SULPHATE INJECTION - 10MG/ML","init.categ_products_drug_orders","product","init.e5e1fa57-2b8b-4aef-9b8c-8378b5382791","init.e5e1fa57-2b8b-4aef-9b8c-8378b5382791","Ordered quantities","114.00","95.00","local","6477","10MG/ML"
"init.4fe4c1f6-b0d8-5c4d-8c40-9108099ec108","MORPHINE SULPHATE ORAL SOLUTION - 10MG/ML","init.categ_products_drug_orders","product","init.0af16f27-aaa0-4bb1-b1a6-43734dab1a5c","init.0af16f27-aaa0-4bb1-b1a6-43734dab1a5c","Ordered quantities","840.00","700.00","local","6477","10MG/ML"
"init.b158df7a-231f-405d-b0c9-15b16dd28bfa","MORPHINE SULPHATE ORAL SOLUTION 1MG/ML","init.categ_products_drug_orders","product","init.0af16f27-aaa0-4bb1-b1a6-43734dab1a5c","init.0af16f27-aaa0-4bb1-b1a6-43734dab1a5c","Ordered quantities","372.00","310.00","local","6477","1MG/ML"
"init.c93a0fb9-e5f4-572e-bf5f-fd3c965f1603","MUPIROCIN OINTMENT 2% (15G TUBES)","init.categ_products_drug_orders","product","init.89791287-a474-4a34-b8a5-7357da93ebec","init.89791287-a474-4a34-b8a5-7357da93ebec","Ordered quantities","278.40","232.00","local","","15G"
"init.eb56d6cd-8c6e-5cdb-ad6d-8e1ce1c6bced","MYCOPHENOLATE MOFETIL 500MG","init.categ_products_drug_orders","product","init.a8a0630a-1350-11df-a1f1-0026b9348838","init.a8a0630a-1350-11df-a1f1-0026b9348838","Ordered quantities","90.00","75.00","local","","500MG"
"init.84333246-c842-53ae-b40b-d38f4b56d7f8","NEOSTIGMINE INJECTION - 2.5MG/ML","init.categ_products_drug_orders","product","init.e5e1fa57-2b8b-4aef-9b8c-8378b5382791","init.e5e1fa57-2b8b-4aef-9b8c-8378b5382791","Ordered quantities","40.80","34.00","local","","2.5MG/ML"
"init.dcfa64a5-79a5-537a-bf2e-554c6f6208a4","NIFEDIPINE TABLETS S/R 20MG","init.categ_products_drug_orders","product","init.a8a07f8e-1350-11df-a1f1-0026b9348838","init.a8a07f8e-1350-11df-a1f1-0026b9348838","Ordered quantities","6.00","5.00","local","250","20MG"
"init.e479e928-914a-5a5f-81a0-c9bb8fff5be6","NITROFURANTOIN 100MG TABLETS","init.categ_products_drug_orders","product","init.a8a07f8e-1350-11df-a1f1-0026b9348838","init.a8a07f8e-1350-11df-a1f1-0026b9348838","Ordered quantities","32.25","26.88","local","11698","100MG"
"init.d9d71b24-8910-5f68-aa8f-c5e9fe48c496","NORADRENALINE INJECTION 2MG/2ML-AMPOULE","init.categ_products_drug_orders","product","init.e5e1fa57-2b8b-4aef-9b8c-8378b5382791","init.e5e1fa57-2b8b-4aef-9b8c-8378b5382791","Ordered quantities","468.00","390.00","local","9193","2MG"
"init.e127620e-df87-5552-8b48-d666b64895ca","NORMAL IMMUNOGLOBULIN (HUMAN) INJECTION FOR IV ADMINISTRATION5% PROTEIN SOLUTION","init.categ_products_drug_orders","product","init.e5e1fa57-2b8b-4aef-9b8c-8378b5382791","init.e5e1fa57-2b8b-4aef-9b8c-8378b5382791","Ordered quantities","24000.00","20000.00","local","",""
"init.fc14838c-ba97-5b49-81b5-ff84b8ac3fe1","NYSTATIN SUSPENSION - 100 000IU/ML","init.categ_products_drug_orders","product","init.08709444-ac83-4af2-a8e5-86d91bb565b3","init.08709444-ac83-4af2-a8e5-86d91bb565b3","Ordered quantities","0.13","0.11","local","919","000IU"
"init.9d5e074b-246a-55a6-978b-d72c5421a5e2","OLANZAPINE TABLETS 10MG","init.categ_products_drug_orders","product","init.a8a07f8e-1350-11df-a1f1-0026b9348838","init.a8a07f8e-1350-11df-a1f1-0026b9348838","Ordered quantities","6.84","5.70","local","2282","10MG"
"init.aa473861-4427-52ac-a247-69735613b15b","OMEPRAZOLE 20MG CAPSULES","init.categ_products_drug_orders","product","init.a8a0810a-1350-11df-a1f1-0026b9348838","init.a8a0810a-1350-11df-a1f1-0026b9348838","Ordered quantities","100.00","80.00","local","1244","20MG"
"init.b3b1bdfe-c5ef-437c-886a-35b0c751e581","OMEPRAZOLE INJECTION 40MG VIAL","init.categ_products_drug_orders","product","init.e5e1fa57-2b8b-4aef-9b8c-8378b5382791","init.e5e1fa57-2b8b-4aef-9b8c-8378b5382791","Ordered quantities","46.80","39.00","local","1244","40MG"
"init.30b8b233-b19f-5314-bf28-e0a0190991e5","OXYTOCIN INJECTION - 10 IU/ML","init.categ_products_drug_orders","product","init.e5e1fa57-2b8b-4aef-9b8c-8378b5382791","init.e5e1fa57-2b8b-4aef-9b8c-8378b5382791","Ordered quantities","0.06","0.05","local","7593","10IU"
"init.a8fc77de-026f-5ab2-a2a2-14f26895db61","PALIPERIDONE 100 MG INJ","init.categ_products_drug_orders","product","init.e5e1fa57-2b8b-4aef-9b8c-8378b5382791","init.e5e1fa57-2b8b-4aef-9b8c-8378b5382791","Ordered quantities","16800.00","14000.00","local","","100MG"
"init.e5498c36-ebbe-51a4-87ae-07ef214c647d","PALIPERIDONE 150 MG INJ","init.categ_products_drug_orders","product","init.e5e1fa57-2b8b-4aef-9b8c-8378b5382791","init.e5e1fa57-2b8b-4aef-9b8c-8378b5382791","Ordered quantities","16800.00","14000.00","local","","150MG"
"init.d9d36670-4c06-5794-98a1-409801256215","PALIPERIDONE 75 MG INJ","init.categ_products_drug_orders","product","init.e5e1fa57-2b8b-4aef-9b8c-8378b5382791","init.e5e1fa57-2b8b-4aef-9b8c-8378b5382791","Ordered quantities","16800.00","14000.00","local","","75MG"
"init.b6a2a323-9f2f-57e1-8068-2ae6139b3ad9","PARACETAMOL SOLUTION IV INFUSION 10MG/ML-100ML","init.categ_products_drug_orders","product","init.e5e1fa57-2b8b-4aef-9b8c-8378b5382791","init.e5e1fa57-2b8b-4aef-9b8c-8378b5382791","Ordered quantities","90.00","75.00","local","89","10MG/ML"
"init.2567c7a3-3cdd-52f3-bf53-94b7bb6a8074","PARACETAMOL SUPPOSITORIES 125MG","init.categ_products_drug_orders","product","init.5185e5be-74af-43d1-ab6e-8bacdb835d5c","init.5185e5be-74af-43d1-ab6e-8bacdb835d5c","Ordered quantities","10.68","8.90","local","89","125MG"
"init.8a45c672-d7dd-5afe-8be5-d4df310bf1fd","PARACETAMOL SUSPENSION 120MG/5ML-60ML","init.categ_products_drug_orders","product","init.08709444-ac83-4af2-a8e5-86d91bb565b3","init.08709444-ac83-4af2-a8e5-86d91bb565b3","Ordered quantities","0.04","0.04","local","89","120MG"
"init.77dadab9-afeb-59b1-8b16-0a2cccd897a5","PARACETAMOL TABLETS500MG","init.categ_products_drug_orders","product","init.a8a07f8e-1350-11df-a1f1-0026b9348838","init.a8a07f8e-1350-11df-a1f1-0026b9348838","Ordered quantities","0.16","0.14","local","89",""
"init.bb6fc537-5861-5703-9676-e9f70b2182bc","PENICILLIN BENZYL INJECTION - 1MU","init.categ_products_drug_orders","product","init.e5e1fa57-2b8b-4aef-9b8c-8378b5382791","init.e5e1fa57-2b8b-4aef-9b8c-8378b5382791","Ordered quantities","20.40","17.00","local","7461",""
"init.a753eda8-1c28-506b-ba77-2dbf03c27f23","PERINDOPRIL + AMLODIPINE 10MG/10MG TABLETS","init.categ_products_drug_orders","product","init.a8a07f8e-1350-11df-a1f1-0026b9348838","init.a8a07f8e-1350-11df-a1f1-0026b9348838","Ordered quantities","86.00","71.67","local","","10MG"
"init.3e2fbf24-7428-5bd2-a34b-7f6d778b2559","PERINDOPRIL + INDAPAMIDE + AMLODIPINE 10MG/2.5MG/10MG TABLETS","init.categ_products_drug_orders","product","init.a8a07f8e-1350-11df-a1f1-0026b9348838","init.a8a07f8e-1350-11df-a1f1-0026b9348838","Ordered quantities","94.00","78.33","local","","10MG"
"init.0b6bfa76-f7f6-5f13-b82d-b3b1179eb5bb","PHENOBARBITAL INJECTION 30MG/ML - 1ML AMPOULE","init.categ_products_drug_orders","product","init.e5e1fa57-2b8b-4aef-9b8c-8378b5382791","init.e5e1fa57-2b8b-4aef-9b8c-8378b5382791","Ordered quantities","8.25","6.88","local","238","30MG/ML"
"init.2de5407d-9c5f-5ad4-9082-6659d20120a5","PHENOBARBITONE INJECTION - 200MG/ML","init.categ_products_drug_orders","product","init.e5e1fa57-2b8b-4aef-9b8c-8378b5382791","init.e5e1fa57-2b8b-4aef-9b8c-8378b5382791","Ordered quantities","132.00","110.00","local","238","200MG/ML"
"init.1ee0fb00-1d3f-5366-8f3e-3023f2639208","PHENOBARBITONE TABLETS - 30MG","init.categ_products_drug_orders","product","init.a8a07f8e-1350-11df-a1f1-0026b9348838","init.a8a07f8e-1350-11df-a1f1-0026b9348838","Ordered quantities","0.68","0.57","local","238","30MG"
"init.b2bcd532-16d2-4747-a1f6-c0dee71c20d1","PHENYTOIN SODIUM 250MG/5ML INJECTION","init.categ_products_drug_orders","product","init.e5e1fa57-2b8b-4aef-9b8c-8378b5382791","init.e5e1fa57-2b8b-4aef-9b8c-8378b5382791","Ordered quantities","244.80","204.00","local","273","250MG"
"init.a1af266a-0f27-579b-89a0-8a12f7481fde","PHENYTOIN TABLETS 100MG","init.categ_products_drug_orders","product","init.a8a07f8e-1350-11df-a1f1-0026b9348838","init.a8a07f8e-1350-11df-a1f1-0026b9348838","Ordered quantities","1.07","0.89","local","273","100MG"
"init.1887fe26-0292-4fb8-90d7-a533f037b95f","PHENYTOIN TABLETS 50MG","init.categ_products_drug_orders","product","init.a8a07f8e-1350-11df-a1f1-0026b9348838","init.a8a07f8e-1350-11df-a1f1-0026b9348838","Ordered quantities","1.62","1.35","local","273","50MG"
"init.b2cfd99b-9e80-5814-9d5a-594490e88b71","PHYTOMENADIONE INJECTION (VIT K1) - 10MG/ML(ADULTS) 1ML AMPUOLE","init.categ_products_drug_orders","product","init.e5e1fa57-2b8b-4aef-9b8c-8378b5382791","init.e5e1fa57-2b8b-4aef-9b8c-8378b5382791","Ordered quantities","56.40","47.00","local","","10MG/ML"
"init.74663be3-d931-5612-a802-85ed6a90ae27","PIPERACILLIN/TAZOBACTUM INJECTION PFR 4.5GM VIAL","init.categ_products_drug_orders","product","init.e5e1fa57-2b8b-4aef-9b8c-8378b5382791","init.e5e1fa57-2b8b-4aef-9b8c-8378b5382791","Ordered quantities","294.00","245.00","local","","4.5GM"
"init.2bd66867-07fc-51fa-8c45-ce7b640a4723","POLYGELINE IV INFUSION 3.5% 500ML PACK","init.categ_products_drug_orders","product","init.e5e1fa57-2b8b-4aef-9b8c-8378b5382791","init.e5e1fa57-2b8b-4aef-9b8c-8378b5382791","Ordered quantities","1320.00","1100.00","local","","500ML"
"init.bebcb9ad-e998-5f19-b066-23b91359601d","POTASSIUM CHLORIDE INJECTION - 15% 10ML AMPUOLE","init.categ_products_drug_orders","product","init.e5e1fa57-2b8b-4aef-9b8c-8378b5382791","init.e5e1fa57-2b8b-4aef-9b8c-8378b5382791","Ordered quantities","48.00","40.00","local","9240","10ML"
"init.29e5ceba-eeb9-5570-aceb-616f3e7327d8","POVIDONE-IODINE SOLUTION - 10%","init.categ_products_drug_orders","product","init.0af16f27-aaa0-4bb1-b1a6-43734dab1a5c","init.0af16f27-aaa0-4bb1-b1a6-43734dab1a5c","Ordered quantities","642.00","535.00","local","7596",""
"init.92f88058-db84-5b84-bfca-dad31b3a30ea","PRAZIQUANTEL TABLETS - 600MG","init.categ_products_drug_orders","product","init.a8a07f8e-1350-11df-a1f1-0026b9348838","init.a8a07f8e-1350-11df-a1f1-0026b9348838","Ordered quantities","15.36","12.80","local","6702","600MG"
"init.43119c2b-ff1f-4e41-a837-1d0a8257c016","PREDNISOLONE ORAL LIQUID 15MG/5ML","init.categ_products_drug_orders","product","init.0af16f27-aaa0-4bb1-b1a6-43734dab1a5c","init.0af16f27-aaa0-4bb1-b1a6-43734dab1a5c","Ordered quantities","170.40","142.00","local","765","15MG"
"init.f249c9fd-ff8c-5fe5-b2ea-7e171021d43f","PREDNISOLONE TABLET 20 MG SCORED","init.categ_products_drug_orders","product","init.a8a07f8e-1350-11df-a1f1-0026b9348838","init.a8a07f8e-1350-11df-a1f1-0026b9348838","Ordered quantities","39.60","33.00","local","765","20MG"
"init.9ba080b3-d6d2-50c3-8d8a-ba77a34d0564","PREDNISOLONE TABLETS - 5MG","init.categ_products_drug_orders","product","init.a8a07f8e-1350-11df-a1f1-0026b9348838","init.a8a07f8e-1350-11df-a1f1-0026b9348838","Ordered quantities","0.78","0.65","local","765","5MG"
"init.6fe5bf46-b65d-4dbe-a24b-d97e5c0daee4","PROPOFOL IV 10MG/ML","init.categ_products_drug_orders","product","init.e5e1fa57-2b8b-4aef-9b8c-8378b5382791","init.e5e1fa57-2b8b-4aef-9b8c-8378b5382791","Ordered quantities","244.80","204.00","local","","10MG/ML"
"init.a5807a9a-9400-5c59-8b39-2d0152deb612","PROTAMINE SULPHATE 10MG/ML5ML AMPOULE","init.categ_products_drug_orders","product","init.e5e1fa57-2b8b-4aef-9b8c-8378b5382791","init.e5e1fa57-2b8b-4aef-9b8c-8378b5382791","Ordered quantities","1464.00","1220.00","local","","10MG"
"init.208dd4b6-8db9-46f0-b695-194f1e339af0","QUETIAPINE 100MG TABLETS","init.categ_products_drug_orders","product","init.a8a07f8e-1350-11df-a1f1-0026b9348838","init.a8a07f8e-1350-11df-a1f1-0026b9348838","Ordered quantities","60.00","50.00","local","11222","100MG"
"init.e0d2fe97-4932-4fbf-83ba-741e5b780c45","QUETIAPINE 50MG TABLETS","init.categ_products_drug_orders","product","init.a8a07f8e-1350-11df-a1f1-0026b9348838","init.a8a07f8e-1350-11df-a1f1-0026b9348838","Ordered quantities","54.80","45.67","local","11222","50MG"
"init.62e60c18-826a-5c7f-b43b-823f3066e2da","QUETIAPINE TABLET (E/R) 300MG","init.categ_products_drug_orders","product","init.a8a07f8e-1350-11df-a1f1-0026b9348838","init.a8a07f8e-1350-11df-a1f1-0026b9348838","Ordered quantities","84.00","70.00","local","11222","300MG"
"init.abeecb08-2ae9-576a-bdfe-337e902c6109","RABIES VACCINEPURIFIED VEROCRABBIES VACCINEPURIFIED VEROCELL/HUMAN DIPLOID. SHOULD BE WHO PREQUALIFIED","init.categ_products_drug_orders","product","init.e5e1fa57-2b8b-4aef-9b8c-8378b5382791","init.e5e1fa57-2b8b-4aef-9b8c-8378b5382791","Ordered quantities","139.20","116.00","local","413",""
"init.b303d582-59a0-5867-8f50-61169eb58e6e","REHYDRATION SALTS ORAL (ORS)","init.categ_products_drug_orders","product","init.a8a0630a-1350-11df-a1f1-0026b9348838","init.a8a0630a-1350-11df-a1f1-0026b9348838","Ordered quantities","10.80","9.00","local","351",""
"init.e1722d89-6212-5697-8360-362950c3f420","RETINOL (VITAMIN A) PALMITATE CAPSULES 200000 IU","init.categ_products_drug_orders","product","init.a8a0810a-1350-11df-a1f1-0026b9348838","init.a8a0810a-1350-11df-a1f1-0026b9348838","Ordered quantities","1140.00","950.00","local","7309","200000IU"
"init.c0896573-9d32-4aab-b9a8-4e3f3c50beaf","RISPERIDONE 2MG TABS SCORED","init.categ_products_drug_orders","product","init.a8a07f8e-1350-11df-a1f1-0026b9348838","init.a8a07f8e-1350-11df-a1f1-0026b9348838","Ordered quantities","7.20","6.00","local","11223","2MG"
"init.56c80fa0-dc3a-5600-8fa3-96d5d11e1751","RIVAROXABAN TABLET 10MG (FILM COATED)","init.categ_products_drug_orders","product","init.a8a07f8e-1350-11df-a1f1-0026b9348838","init.a8a07f8e-1350-11df-a1f1-0026b9348838","Ordered quantities","10.80","9.00","local","9719","10MG"
"init.e7434303-2f45-5638-afed-9eaf54e4bafd","RIVAROXABAN TABLET 15 MG (FILM COATED)","init.categ_products_drug_orders","product","init.a8a07f8e-1350-11df-a1f1-0026b9348838","init.a8a07f8e-1350-11df-a1f1-0026b9348838","Ordered quantities","8.57","7.14","local","9719","15MG"
"init.3bca267d-fa17-57eb-b20e-05c7e830961d","RIVAROXABAN TABLET 20 MG (FILM COATED)","init.categ_products_drug_orders","product","init.a8a07f8e-1350-11df-a1f1-0026b9348838","init.a8a07f8e-1350-11df-a1f1-0026b9348838","Ordered quantities","9.17","7.64","local","9719","20MG"
"init.1b6ecd29-3e8e-5fcd-9806-cc75cc6407b7","SALBUTAMOL+BECLOMETHASONE INHALATION (100 + 50) MICROGRAMS 200 DOSES","init.categ_products_drug_orders","product","init.56624b7a-6f24-40aa-af30-cad799d110c5","init.56624b7a-6f24-40aa-af30-cad799d110c5","Ordered quantities","27.80","23.17","local","",""
"init.2bb73502-a588-4c2f-83e1-7c0be91be1e0","SALBUTAMOL NEBULIZING SOLUTION 2.5ML","init.categ_products_drug_orders","product","init.0af16f27-aaa0-4bb1-b1a6-43734dab1a5c","init.0af16f27-aaa0-4bb1-b1a6-43734dab1a5c","Ordered quantities","2.76","2.30","local","798","2.5ML"
"init.61e90dfc-c5db-5d65-a4ed-42cfd6ee403e","SALBUTAMOL SULPHATE + IPRATROPIUM BROMIDE NEBULISER SOLUTION (1MG + 200MCG/ML) 2.5ML","init.categ_products_drug_orders","product","init.0af16f27-aaa0-4bb1-b1a6-43734dab1a5c","init.0af16f27-aaa0-4bb1-b1a6-43734dab1a5c","Ordered quantities","117.60","98.00","local","9251","1MG"
"init.c6fea62b-acae-5ed4-87ef-db4cb928e7e6","SALINE NASAL DROPS 0.9% 10ML","init.categ_products_drug_orders","product","init.3fbfabc6-9e78-4c70-85ee-8e66fc2418c5","init.3fbfabc6-9e78-4c70-85ee-8e66fc2418c5","Ordered quantities","21.60","18.00","local","","10ML"
"init.fec06b20-0d0b-5655-b292-324facb25f14","SALMETEROL + FLUTICASONE 25MCG/125MCG SYCOBREATHE","init.categ_products_drug_orders","product","init.a8a0630a-1350-11df-a1f1-0026b9348838","init.a8a0630a-1350-11df-a1f1-0026b9348838","Ordered quantities","15.50","12.92","local","9188","25MCG"
"init.ba8692f2-76a5-4206-b356-1fc8278963b8","SERTRALINE 50MG TABLETS","init.categ_products_drug_orders","product","init.a8a07f8e-1350-11df-a1f1-0026b9348838","init.a8a07f8e-1350-11df-a1f1-0026b9348838","Ordered quantities","58.00","48.33","local","","50MG"
"init.60560b8a-2bbf-4094-9975-e8153338cb03","SEVOFLURANE SOLUTION FOR INHALATION","init.categ_products_drug_orders","product","init.56624b7a-6f24-40aa-af30-cad799d110c5","init.56624b7a-6f24-40aa-af30-cad799d110c5","Ordered quantities","19800.00","16500.00","local","",""
"init.16b0a124-06d7-5d66-b02d-49a7fa8a47e5","SILVER ION SOLUTION 0.01% (100ML)","init.categ_products_drug_orders","product","init.0af16f27-aaa0-4bb1-b1a6-43734dab1a5c","init.0af16f27-aaa0-4bb1-b1a6-43734dab1a5c","Ordered quantities","3816.00","3180.00","local","","100ML"
"init.bf41a833-f5d7-5dac-a530-c23f058b3039","SILVER NITRATE SILVER IONS 0.01% W/V","init.categ_products_drug_orders","product","init.a8a0630a-1350-11df-a1f1-0026b9348838","init.a8a0630a-1350-11df-a1f1-0026b9348838","Ordered quantities","9120.00","7600.00","local","",""
"init.f8a3d73a-b443-51e6-a218-fe8b27cf1ac0","SILVER SULPHADIAZINE CREAM - 1%","init.categ_products_drug_orders","product","init.2c731799-e52f-40cd-864d-fb12a89a1f81","init.2c731799-e52f-40cd-864d-fb12a89a1f81","Ordered quantities","42.67","35.56","local","938",""
"init.75c25a13-1b1a-4fc2-a996-0a066700f44c","SILVER SULPHADIAZINE CREAM 1%","init.categ_products_drug_orders","product","init.2c731799-e52f-40cd-864d-fb12a89a1f81","init.2c731799-e52f-40cd-864d-fb12a89a1f81","Ordered quantities","168.00","140.00","local","938",""
"init.8e8c16b5-eb3e-4df7-a2a0-5371fbf41024","SILVER SULPHADIAZINE CREAM 1% (50G)","init.categ_products_drug_orders","product","init.2c731799-e52f-40cd-864d-fb12a89a1f81","init.2c731799-e52f-40cd-864d-fb12a89a1f81","Ordered quantities","114.00","95.00","local","938","50G"
"init.f569532f-c1c5-51ea-8cd1-912da82ec685","SNAKE VENOM ANTISERUM (AFRICAN) I.V. INJ. POLYVALENT WITH 10ML WATER FOR INJECTION.","init.categ_products_drug_orders","product","init.e5e1fa57-2b8b-4aef-9b8c-8378b5382791","init.e5e1fa57-2b8b-4aef-9b8c-8378b5382791","Ordered quantities","4380.00","3650.00","local","492","10ML"
"init.e65a019e-4168-5713-88d4-81fed5cf4c9c","SODIUM CHLORIDE /NORMAL SALINE SOLUTION - 0.9% EURO CAP BOTTLE","init.categ_products_drug_orders","product","init.0af16f27-aaa0-4bb1-b1a6-43734dab1a5c","init.0af16f27-aaa0-4bb1-b1a6-43734dab1a5c","Ordered quantities","0.21","0.17","local","7221",""
"init.eaf4fc2e-396f-4fd4-a6ee-011ae667f2ba","SODIUM LACTATE SOLUTION WITH EURO CAP","init.categ_products_drug_orders","product","init.0af16f27-aaa0-4bb1-b1a6-43734dab1a5c","init.0af16f27-aaa0-4bb1-b1a6-43734dab1a5c","Ordered quantities","66.00","55.00","local","",""
"init.c8d3266b-9fee-4b58-9700-99d9b6675482","SODIUM VALPROATE INJECTION 100MG/ML","init.categ_products_drug_orders","product","init.e5e1fa57-2b8b-4aef-9b8c-8378b5382791","init.e5e1fa57-2b8b-4aef-9b8c-8378b5382791","Ordered quantities","2356.80","1964.00","local","2284","100MG/ML"
"init.e0d47cb8-037a-5a7c-a670-8d24637da817","Injection B i","init.categ_products_drug_orders","product","init.e5e1fa57-2b8b-4aef-9b8c-8378b5382791","init.e5e1fa57-2b8b-4aef-9b8c-8378b5382791","Ordered quantities","1500.00","1250.00","local","2284",""
"init.3fcd4f03-72dc-5d3d-ab99-713a69f6de2b","SODIUM VALPROATE (VALPROIC ACID) TABLETS 500MG SLOW RELEASE-100'S","init.categ_products_drug_orders","product","init.a8a07f8e-1350-11df-a1f1-0026b9348838","init.a8a07f8e-1350-11df-a1f1-0026b9348838","Ordered quantities","33.60","28.00","local","2284","500MG"
"init.7cfee709-cce3-4fd7-8882-dbd2fd6a506d","SUXAMETHONIUM CHLORIDE INJECTION","init.categ_products_drug_orders","product","init.e5e1fa57-2b8b-4aef-9b8c-8378b5382791","init.e5e1fa57-2b8b-4aef-9b8c-8378b5382791","Ordered quantities","64.80","54.00","local","",""
"init.61bc0eb1-a56a-5dbf-b2ab-879d91497ea3","TACROLIMUS OINTMENT 0.03% (AS MONOHYDRATE) (10G)","init.categ_products_drug_orders","product","init.89791287-a474-4a34-b8a5-7357da93ebec","init.89791287-a474-4a34-b8a5-7357da93ebec","Ordered quantities","380.40","317.00","local","","10G"
"init.3afea361-2397-5531-93fa-3591a2bcba60","TACROLIMUS OINTMENT 0.1% (AS MONOHYDRATE) (10G)","init.categ_products_drug_orders","product","init.89791287-a474-4a34-b8a5-7357da93ebec","init.89791287-a474-4a34-b8a5-7357da93ebec","Ordered quantities","510.00","425.00","local","","10G"
"init.4171ef1e-6c78-4175-ab90-3989490ac06b","TAMSULOSIN HYDROCHLORIDE TABLETS 400MCG","init.categ_products_drug_orders","product","init.a8a07f8e-1350-11df-a1f1-0026b9348838","init.a8a07f8e-1350-11df-a1f1-0026b9348838","Ordered quantities","19.80","16.50","local","","400MCG"
"init.27d097cf-1150-5028-b983-62d0c8b3e4e1","TELMISARTAN 80MG + HYDROCHLORTHIAZIDE 12.5MG TABLETS","init.categ_products_drug_orders","product","init.a8a07f8e-1350-11df-a1f1-0026b9348838","init.a8a07f8e-1350-11df-a1f1-0026b9348838","Ordered quantities","19.28","16.07","local","11416","80MG"
"init.211f590c-a14c-5536-a134-164bfdefa86e","TELMISARTAN TABLETS 40MG","init.categ_products_drug_orders","product","init.a8a07f8e-1350-11df-a1f1-0026b9348838","init.a8a07f8e-1350-11df-a1f1-0026b9348838","Ordered quantities","3.00","2.50","local","10049","40MG"
"init.c68acd46-8f26-5005-992e-2cac3570c936","TERBINAFINE 1% CREAM 15 GM TUBE","init.categ_products_drug_orders","product","init.2c731799-e52f-40cd-864d-fb12a89a1f81","init.2c731799-e52f-40cd-864d-fb12a89a1f81","Ordered quantities","206.40","172.00","local","9531","15GM"
"init.f5a0ffa6-7981-4342-9e52-d24267aae3d3","TERBINAFINE TABLET 125MG SCORED","init.categ_products_drug_orders","product","init.a8a07f8e-1350-11df-a1f1-0026b9348838","init.a8a07f8e-1350-11df-a1f1-0026b9348838","Ordered quantities","133.29","111.07","local","","125MG"
"init.38f352c5-8181-560b-a473-c5c6a1aea185","TETRACYCLINE EYE OINTMENT -1%","init.categ_products_drug_orders","product","init.89791287-a474-4a34-b8a5-7357da93ebec","init.89791287-a474-4a34-b8a5-7357da93ebec","Ordered quantities","0.24","0.20","local","270",""
"init.9f5428a4-c7b0-5d9c-988e-99eb9eaafe2f","THIOPENTONE SODIUM INJECTION - 500MG","init.categ_products_drug_orders","product","init.e5e1fa57-2b8b-4aef-9b8c-8378b5382791","init.e5e1fa57-2b8b-4aef-9b8c-8378b5382791","Ordered quantities","416.40","347.00","local","","500MG"
"init.5b941097-bc29-56fd-97d0-8de02bafdce1","TIMOLOL EYE DROPS 0.5% 5ML","init.categ_products_drug_orders","product","init.3fbfabc6-9e78-4c70-85ee-8e66fc2418c5","init.3fbfabc6-9e78-4c70-85ee-8e66fc2418c5","Ordered quantities","97.20","81.00","local","9190","5ML"
"init.e02dae0f-7033-4a46-96a2-33c44d41bbff","TINIDAZOLE TABLETS 500MG (F/C)","init.categ_products_drug_orders","product","init.a8a07f8e-1350-11df-a1f1-0026b9348838","init.a8a07f8e-1350-11df-a1f1-0026b9348838","Ordered quantities","2.70","2.25","local","235","500MG"
"init.a7b98793-d1d0-409a-8b21-ef40f84160c8","TRANEXAMIC ACID 500MG TABLETS","init.categ_products_drug_orders","product","init.a8a07f8e-1350-11df-a1f1-0026b9348838","init.a8a07f8e-1350-11df-a1f1-0026b9348838","Ordered quantities","20.80","17.33","local","9431","500MG"
"init.f3f6270f-3df4-4c1f-a370-86d587556c6a","TRANEXAMIC ACID INJECTION 500MG/5ML","init.categ_products_drug_orders","product","init.e5e1fa57-2b8b-4aef-9b8c-8378b5382791","init.e5e1fa57-2b8b-4aef-9b8c-8378b5382791","Ordered quantities","42.00","35.00","local","9431","500MG"
"init.97e33208-1209-5fe5-893c-56616a894f86","TRASTUZUMAB PFI 440MG+ VIAL","init.categ_products_drug_orders","product","init.e5e1fa57-2b8b-4aef-9b8c-8378b5382791","init.e5e1fa57-2b8b-4aef-9b8c-8378b5382791","Ordered quantities","46464.00","38720.00","local","8498","440MG"
"init.da96cc91-406c-5afc-9d8e-0554f56ebe69","TRIAMCINOLONE ACETONIDE INJECTION (AQ. SUSPENSION) 40MG/1ML","init.categ_products_drug_orders","product","init.e5e1fa57-2b8b-4aef-9b8c-8378b5382791","init.e5e1fa57-2b8b-4aef-9b8c-8378b5382791","Ordered quantities","176.40","147.00","local","943","40MG"
"init.ba830d37-a5b5-4c15-a14b-57d85f5516a3","TRIMETAZIDINE TABLET 35MG","init.categ_products_drug_orders","product","init.a8a07f8e-1350-11df-a1f1-0026b9348838","init.a8a07f8e-1350-11df-a1f1-0026b9348838","Ordered quantities","36.56","30.47","local","","35MG"
"init.87332311-b05a-51d6-b251-71b3094010ea","TROPICAMIDE + PHENYLEPHRINE EYE DROPS 0.8% + 5% W/V","init.categ_products_drug_orders","product","init.3fbfabc6-9e78-4c70-85ee-8e66fc2418c5","init.3fbfabc6-9e78-4c70-85ee-8e66fc2418c5","Ordered quantities","288.00","240.00","local","",""
"init.760531b6-98c6-5765-afee-8486c5bde798","VALPROIC ACID(SODIUM VALPROATE) 200MG TABLETS","init.categ_products_drug_orders","product","init.a8a07f8e-1350-11df-a1f1-0026b9348838","init.a8a07f8e-1350-11df-a1f1-0026b9348838","Ordered quantities","12.00","10.00","local","2284","200MG"
"init.48151daa-2f4d-5f69-9ef7-28e212a640cb","VANCOMYCIN INJ.500MG VIAL","init.categ_products_drug_orders","product","init.e5e1fa57-2b8b-4aef-9b8c-8378b5382791","init.e5e1fa57-2b8b-4aef-9b8c-8378b5382791","Ordered quantities","202.80","169.00","local","9242","500MG"
"init.11df65ee-0862-5e86-a30a-bba1f9075ef4","WARFARIN TABLETS - 5MG","init.categ_products_drug_orders","product","init.a8a07f8e-1350-11df-a1f1-0026b9348838","init.a8a07f8e-1350-11df-a1f1-0026b9348838","Ordered quantities","4.75","3.96","local","8174","5MG"
"init.be563b0a-82bb-5654-b41f-05ef2e2b0c43","WATER FOR INJECTION","init.categ_products_drug_orders","product","init.e5e1fa57-2b8b-4aef-9b8c-8378b5382791","init.e5e1fa57-2b8b-4aef-9b8c-8378b5382791","Ordered quantities","7.20","6.00","local","9451",""
"init.d2031b47-dfc5-4234-9a90-682b8c094bc2","YELLOW FEVER VACCINE INJ 10 DOSES","init.categ_products_drug_orders","product","init.e5e1fa57-2b8b-4aef-9b8c-8378b5382791","init.e5e1fa57-2b8b-4aef-9b8c-8378b5382791","Ordered quantities","9360.00","7800.00","local","5864",""
"init.59f63297-9709-4ffb-9975-4635b04d96d7","YELLOW FEVER VACCINE INJ. SINGLE DOSE IN PREFILLED SYRINGE","init.categ_products_drug_orders","product","init.e5e1fa57-2b8b-4aef-9b8c-8378b5382791","init.e5e1fa57-2b8b-4aef-9b8c-8378b5382791","Ordered quantities","2880.00","2400.00","local","5864",""
"init.dfd2b56b-fd0d-5f4a-9552-53f45f3e3288","ZINC SULPHATE TABLETS - 20MG","init.categ_products_drug_orders","product","init.a8a07f8e-1350-11df-a1f1-0026b9348838","init.a8a07f8e-1350-11df-a1f1-0026b9348838","Ordered quantities","16.29","13.57","local","7586","20MG"
"init.0ec6e180-3b86-5082-a7d6-dcb590b719d9","ZUCLOPENTHIXOL ACUPHASE INJECTION -100MG/2ML","init.categ_products_drug_orders","product","init.e5e1fa57-2b8b-4aef-9b8c-8378b5382791","init.e5e1fa57-2b8b-4aef-9b8c-8378b5382791","Ordered quantities","1904.40","1587.00","local","","100MG"
"init.dd0dddb7-0cfb-4a27-8f6c-5ccfd4821608","ZUCLOPENTHIXOL DECANOATE INJ( DEPOT) 200MG/ML","init.categ_products_drug_orders","product","init.e5e1fa57-2b8b-4aef-9b8c-8378b5382791","init.e5e1fa57-2b8b-4aef-9b8c-8378b5382791","Ordered quantities","2000.40","1667.00","local","","200MG/ML"
"init.9bf453ea-5fbb-4eb5-aa91-3f1bc6af2ecc","BIMATOPROST 0.01 % EYE DROPS","init.categ_products_drug_orders","product","init.3fbfabc6-9e78-4c70-85ee-8e66fc2418c5","init.3fbfabc6-9e78-4c70-85ee-8e66fc2418c5","Ordered quantities","1200.00","1000.00","local","",""
"init.dcdec9a8-5d20-5636-8bd7-8ac471bb0411","BIMATOPROST 0.03 % + TIMOLOL 0.5% EYE DROPS","init.categ_products_drug_orders","product","init.3fbfabc6-9e78-4c70-85ee-8e66fc2418c5","init.3fbfabc6-9e78-4c70-85ee-8e66fc2418c5","Ordered quantities","1620.00","1350.00","local","",""
"init.992fd29f-fbd6-5cd4-bba9-f7e68ff7537f","ESOMEPRAZOLE 40MG TABLETS","init.categ_products_drug_orders","product","init.a8a07f8e-1350-11df-a1f1-0026b9348838","init.a8a07f8e-1350-11df-a1f1-0026b9348838","Ordered quantities","720.00","600.00","local","961","40MG"
"init.fe7d4828-b514-4bcc-a275-4217f2c0eaaa","H.PYLORI ERADICATION KIT (ESOMEPRAZOLE 20MG/ CLARITHROMYCIN 500MG/ AMOXYCILLIN 1G)","init.categ_products_drug_orders","product","init.a8a0630a-1350-11df-a1f1-0026b9348838","init.a8a0630a-1350-11df-a1f1-0026b9348838","Ordered quantities","257.14","214.29","local","","20MG"
"init.dbe13d8e-2c22-5700-ad88-6af3fd15663c","LOSARTAN POTASSIUM 50MG + AMLODIPINE 5MG + HYDROCHLORTHIAZIDE 12.5MG TABLETS","init.categ_products_drug_orders","product","init.a8a07f8e-1350-11df-a1f1-0026b9348838","init.a8a07f8e-1350-11df-a1f1-0026b9348838","Ordered quantities","38.00","31.67","local","12725","50MG"
"init.52d9444e-36fd-591b-b16b-90662ddfb5aa","LOSARTAN POTASSIUM 50MG + AMLODIPINE 5MG TABLETS","init.categ_products_drug_orders","product","init.a8a07f8e-1350-11df-a1f1-0026b9348838","init.a8a07f8e-1350-11df-a1f1-0026b9348838","Ordered quantities","48.00","40.00","local","11968","50MG"
"init.0c8feb2c-a695-49c2-97a4-709fa9e6283e","MAGNESIUM SULPHATE INJECTION - 50%","init.categ_products_drug_orders","product","init.e5e1fa57-2b8b-4aef-9b8c-8378b5382791","init.e5e1fa57-2b8b-4aef-9b8c-8378b5382791","Ordered quantities","8.40","7.00","local","7592",""
"init.97c48a13-8aa8-5897-86ee-7cbdb20ca134","METHYLCOBALAMIN NASAL SRAY 250 MCG SPRAY","init.categ_products_drug_orders","product","init.56624b7a-6f24-40aa-af30-cad799d110c5","init.56624b7a-6f24-40aa-af30-cad799d110c5","Ordered quantities","1920.00","1600.00","local","","250MCG"
"init.6a099e38-1440-5d90-b647-57c3cb0b9f0a","NEBIVOLOL 5 MG TABLETS","init.categ_products_drug_orders","product","init.a8a07f8e-1350-11df-a1f1-0026b9348838","init.a8a07f8e-1350-11df-a1f1-0026b9348838","Ordered quantities","1344.00","1120.00","local","","5MG"
"init.ebfc52ff-11b3-5d82-a2ec-9cceb4016eaf","OLAPATADINE HYDROCHLORIDE AND MOMATASONE FUROATE NASAL SPRAY 600MCG/25MCG","init.categ_products_drug_orders","product","init.56624b7a-6f24-40aa-af30-cad799d110c5","init.56624b7a-6f24-40aa-af30-cad799d110c5","Ordered quantities","19.50","16.25","local","","600MCG"
"init.e0894492-f162-43c3-8aa7-5180b8c99de1","PREGABALIN 25MG TABLETS","init.categ_products_drug_orders","product","init.a8a07f8e-1350-11df-a1f1-0026b9348838","init.a8a07f8e-1350-11df-a1f1-0026b9348838","Ordered quantities","540.00","450.00","local","8020","25MG"
"init.1f7ee209-470b-53d9-b52d-e6ed81dc74cf","SALMETEROL + FLUTICASONE 25MCG/250MCG SYNCOBREATHE","init.categ_products_drug_orders","product","init.a8a0630a-1350-11df-a1f1-0026b9348838","init.a8a0630a-1350-11df-a1f1-0026b9348838","Ordered quantities","19.00","15.83","local","9188","25MCG"
"init.65bd8af6-8c09-4c71-9d91-2a2ba45397f3","SITAGLIPTIN 100MG TABLETS","init.categ_products_drug_orders","product","init.a8a07f8e-1350-11df-a1f1-0026b9348838","init.a8a07f8e-1350-11df-a1f1-0026b9348838","Ordered quantities","2052.00","1710.00","local","","100MG"
"init.209c0cc4-77f0-5635-b127-d47c0116f5cd","SITAGLIPTIN 50MG + METFORMIN 1000MG TABLETS","init.categ_products_drug_orders","product","init.a8a07f8e-1350-11df-a1f1-0026b9348838","init.a8a07f8e-1350-11df-a1f1-0026b9348838","Ordered quantities","1164.00","970.00","local","","50MG"
"init.1c4f3f6b-5193-52f4-abae-64b11f5111f2","SITAGLIPTIN 50MG + METFORMIN 500MG TABLETS","init.categ_products_drug_orders","product","init.a8a07f8e-1350-11df-a1f1-0026b9348838","init.a8a07f8e-1350-11df-a1f1-0026b9348838","Ordered quantities","1260.00","1050.00","local","","50MG"
"init.feeece36-0c2a-4ab6-8a66-aeed7bf40c5f","SITAGLIPTIN 50MG TABLETS","init.categ_products_drug_orders","product","init.a8a07f8e-1350-11df-a1f1-0026b9348838","init.a8a07f8e-1350-11df-a1f1-0026b9348838","Ordered quantities","1224.00","1020.00","local","","50MG"
"init.9fbbf2f7-d71f-5bfb-9db2-78ae1c853f85","VALSARTAN + AMLODIPINE + HYDROCHLORTHIAZIDE 160MG/10MG/12.5MG TABLETS","init.categ_products_drug_orders","product","init.a8a07f8e-1350-11df-a1f1-0026b9348838","init.a8a07f8e-1350-11df-a1f1-0026b9348838","Ordered quantities","122.14","101.79","local","","160MG"
"init.1ecd8b29-88bd-5a9a-9792-aa6fba1d4eba","URISEOFULUIN 500MG TABLETS","init.categ_products_drug_orders","product","init.a8a07f8e-1350-11df-a1f1-0026b9348838","init.a8a07f8e-1350-11df-a1f1-0026b9348838","Ordered quantities","0.00","0.00","local","7584","500MG"
"init.e076c5d9-5c60-5133-a7c1-ca6000448667","URISEOFULUIN 125MG TABLETS","init.categ_products_drug_orders","product","init.a8a07f8e-1350-11df-a1f1-0026b9348838","init.a8a07f8e-1350-11df-a1f1-0026b9348838","Ordered quantities","0.00","0.00","local","7584","125MG"
"init.26a6008a-8703-5c9d-aaf9-9c4636a99728","IBUPROFEN TABLETS F/C 200MG BLISTER PACK","init.categ_products_drug_orders","product","init.a8a07f8e-1350-11df-a1f1-0026b9348838","init.a8a07f8e-1350-11df-a1f1-0026b9348838","Ordered quantities","0.00","0.00","local","912","200MG"
"init.81356574-30c1-56a0-987b-b86412e3fac7","BENYL PENICILLIN INJECTION 5 MG","init.categ_products_drug_orders","product","init.e5e1fa57-2b8b-4aef-9b8c-8378b5382791","init.e5e1fa57-2b8b-4aef-9b8c-8378b5382791","Ordered quantities","0.00","0.00","local","7460","5MG"
"init.003a9536-d485-5236-8f39-06a52a0738b1","BG GLUTAMIN PLUS","init.categ_products_drug_orders","product","init.a8a0630a-1350-11df-a1f1-0026b9348838","init.a8a0630a-1350-11df-a1f1-0026b9348838","Ordered quantities","0.00","0.00","local","11355",""
"init.c97e9055-a969-5105-820b-b6b6f2a58f13","NEURO FORTE TABS","init.categ_products_drug_orders","product","init.a8a07f8e-1350-11df-a1f1-0026b9348838","init.a8a07f8e-1350-11df-a1f1-0026b9348838","Ordered quantities","0.00","0.00","local","329",""
"init.cdd74726-9af9-587a-b93c-03b884fad8a7","HYDROCHLOROTHIAZIDE TABLETS 50MG","init.categ_products_drug_orders","product","init.a8a07f8e-1350-11df-a1f1-0026b9348838","init.a8a07f8e-1350-11df-a1f1-0026b9348838","Ordered quantities","0.00","0.00","local","1243","50MG"
"init.ebca46ca-50e6-59da-8150-c814266744e3","METFORMIN TABS 850 MG","init.categ_products_drug_orders","product","init.a8a07f8e-1350-11df-a1f1-0026b9348838","init.a8a07f8e-1350-11df-a1f1-0026b9348838","Ordered quantities","0.00","0.00","local","2261","850MG"
"init.c60fb765-5c61-5c00-b6b1-6e025acb96f3","LUBRICATING GEL 42 GMS","init.categ_products_drug_orders","product","init.2c731799-e52f-40cd-864d-fb12a89a1f81","init.2c731799-e52f-40cd-864d-fb12a89a1f81","Ordered quantities","0.00","0.00","local","",""
"init.0cf7fc85-8b7a-584f-a834-38f1e7c38c49","DIAZEPAM INJECTION - 10MG IN 2ML","init.categ_products_drug_orders","product","init.e5e1fa57-2b8b-4aef-9b8c-8378b5382791","init.e5e1fa57-2b8b-4aef-9b8c-8378b5382791","Ordered quantities","0.00","0.00","local","247","10MG"
"init.4d425d55-1677-55bd-b1e6-e62c6de61ea9","PHYLOMENADIONE 2MG/02ML INJECTION","init.categ_products_drug_orders","product","init.e5e1fa57-2b8b-4aef-9b8c-8378b5382791","init.e5e1fa57-2b8b-4aef-9b8c-8378b5382791","Ordered quantities","0.00","0.00","local","","2MG"
"init.fd2470f8-5591-55e6-9408-84656ea89ee4","ARTESUNATE LAMEFAUNTRINE 20/120MG","init.categ_products_drug_orders","product","init.a8a0630a-1350-11df-a1f1-0026b9348838","init.a8a0630a-1350-11df-a1f1-0026b9348838","Ordered quantities","0.00","0.00","local","","120MG"
"init.afae4937-bc18-5a4e-be86-132ea4a760af","ACYCLOVIR USP 400MG","init.categ_products_drug_orders","product","init.a8a0630a-1350-11df-a1f1-0026b9348838","init.a8a0630a-1350-11df-a1f1-0026b9348838","Ordered quantities","0.00","0.00","local","732","400MG"
"init.01d8d064-42d6-57a3-a738-39500b447d78","SODIUM CHLORIDE 0.9% W/V SOLUTION","init.categ_products_drug_orders","product","init.0af16f27-aaa0-4bb1-b1a6-43734dab1a5c","init.0af16f27-aaa0-4bb1-b1a6-43734dab1a5c","Ordered quantities","0.00","0.00","local","7221",""
"init.628a25a6-4612-5f83-919a-740ec9675eea","FLUCLOXACILLIN SODIUM 125MG","init.categ_products_drug_orders","product","init.a8a0630a-1350-11df-a1f1-0026b9348838","init.a8a0630a-1350-11df-a1f1-0026b9348838","Ordered quantities","0.00","0.00","local","","125MG"
"init.dfb86b82-198a-4dfd-af55-2fa7ddb972d8","JUNIOR PARACETAMOL (CHEWABLE) TABLETS","init.categ_products_drug_orders","product","init.a8a07f8e-1350-11df-a1f1-0026b9348838","init.a8a07f8e-1350-11df-a1f1-0026b9348838","Ordered quantities","0.00","0.00","local","89",""
"init.0ea94c19-1e35-4aaa-9dd8-07bc48048145","ACTRAPID 100 10/ML","init.categ_products_drug_orders","product","init.a8a0630a-1350-11df-a1f1-0026b9348838","init.a8a0630a-1350-11df-a1f1-0026b9348838","Ordered quantities","0.00","0.00","local","11970",""
