odoo_id,odoo_name,csv_file,odoo_lst_price,odoo_default_code
init.ec73e2d6-7e69-47fb-b0af-a5f9c756c12c,Consultation Cash,consultation_orders.csv,0.0,
init.aad5f784-1350-11df-a1f1-0026b9348838,Triomune-30,drugs.csv,1.00,
init.aad5f982-1350-11df-a1f1-0026b9348838,Triomune-40,drugs.csv,1.00,
init.aad5fab8-1350-11df-a1f1-0026b9348838,d4T-30,drugs.csv,1.00,
init.aad5fbe4-1350-11df-a1f1-0026b9348838,d4T-40,drugs.csv,1.00,
init.aad5fd10-1350-11df-a1f1-0026b9348838,DDI 125,drugs.csv,1.00,
init.aad5fe32-1350-11df-a1f1-0026b9348838,DDI 200,drugs.csv,1.00,
init.d57e301e-47ee-11df-8f94-000d6014b64c,Triomune-15,drugs.csv,1.00,
init.dcaa4de6-47ee-11df-8f94-000d6014b64c,Triomune-20,drugs.csv,1.00,
init.b999a0ac-8df0-11df-99f0-000d6014b64c,DDI 400 EC,drugs.csv,1.00,
init.f09920e0-9107-11df-8193-000d6014b64c,DDI 250 EC,drugs.csv,1.00,
init.f7cf0dd2-932f-11df-8193-000d6014b64c,Triomune-Junior,drugs.csv,1.00,
init.8ddf2f66-9333-11df-8193-000d6014b64c,NVP 200 and 3TC 150 and ZDV 300,drugs.csv,1.00,
init.20185c04-9334-11df-8193-000d6014b64c,3TC 30 and NVP 50 and ZDV 60,drugs.csv,1.00,
init.6ec1a75a-3110-11e0-8090-0026b9348838,NVP 200 and D4T 30 and 3TC 150,drugs.csv,1.00,
init.0485075a-3111-11e0-8090-0026b9348838,NEVIRAPINE 200mg,drugs.csv,1.00,
init.d6262526-3113-11e0-8090-0026b9348838,LAMIVUDINE 150mg,drugs.csv,1.00,
init.21d417bc-3114-11e0-8090-0026b9348838,ZIDOVUDINE 300mg,drugs.csv,1.00,
init.9ff7a306-3115-11e0-8090-0026b9348838,STAVUDINE 30mg,drugs.csv,1.00,
init.fd4cd670-3115-11e0-8090-0026b9348838,3TC 150 and ZDV 300,drugs.csv,1.00,
init.4677ad3e-3120-11e0-8090-0026b9348838,EFAVIRENZ 600mg,drugs.csv,1.00,
init.52441ef8-3126-11e0-8090-0026b9348838,ABACAVIR 300mg,drugs.csv,1.00,
init.6fbadffc-3127-11e0-8090-0026b9348838,TENOFOVIR 300mg,drugs.csv,1.00,
init.b9da84e8-3127-11e0-8090-0026b9348838,3TC 300 and TDF 300,drugs.csv,1.00,
init.6766ebbc-3298-11e0-8090-0026b9348838,EMTRICITABINE 200 and TENOFOVIR 300,drugs.csv,1.00,
init.057e0a42-3299-11e0-8090-0026b9348838,INDINAVIR 400mg,drugs.csv,1.00,
init.b58a28d2-36de-11e0-93be-0026b9348838,ABC 60 and 3TC 30,drugs.csv,1.00,
init.fa8266f6-36df-11e0-93be-0026b9348838,LPV 200 and RIT 50,drugs.csv,1.00,
init.27e7385e-36ec-11e0-93be-0026b9348838,NVP and 3TC and AZT,drugs.csv,1.00,
init.da698164-870d-11e0-85d3-000d6014b64c,RALTEGRAVIR 400mg,drugs.csv,1.00,
init.25c753d8-870f-11e0-85d3-000d6014b64c,3TC 30 and ZDV 60 (COMBIVIR JR),drugs.csv,1.00,
init.e0037172-87ce-11e0-85d3-000d6014b64c,TDF 300 AND 3TC 300 AND EFV 600,drugs.csv,1.00,
init.5b23c99a-87d1-11e0-85d3-000d6014b64c,3TC 150 and D4T 30,drugs.csv,1.00,
init.d25c3386-6411-45d9-b18e-786c970304e4,MORPHINE SOL,drugs.csv,1.00,
init.1072b16f-9f0f-420d-859c-a0925fefca0c,ACTINOMYCIN D 50mg,drugs.csv,1.00,
init.c4ec9885-fea6-452f-bce1-46d41d99b9e9,IBUPROFEN 400mg TAB,drugs.csv,1.00,
init.b41c22a2-2496-4588-93e4-435ac5896156,PARACETAMOL 500mg TAB,drugs.csv,1.00,
init.cc163bdd-232d-4a88-9c57-32e018daef0f,ERYTHROMYCIN 400mg TAB,drugs.csv,1.00,
init.2c45a80f-5520-4564-b38a-44231d0433c5,CIPROFLOXACIN 500mg TAB,drugs.csv,1.00,
init.e3f2c366-d704-4ee6-9938-3b0d1a4e61c2,DOXYCYCLINE 100mg CAP,drugs.csv,1.00,
init.bfe3d618-7555-414c-b97a-6c5aa7e813cb,MEBENDAZOLE 100mg TAB,drugs.csv,1.00,
init.512190b4-97d5-4d3d-833a-e66adf15d74e,ALBENDAZOLE 400mg TAB,drugs.csv,1.00,
init.dc77cbe5-ef46-49ad-9eb3-87f8ba51d31d,METRONIDAZOLE 400mg TAB,drugs.csv,1.00,
init.63947218-59c3-4ebf-ad7b-5f2edc7f19ef,PREDNISOLONE 5mg TAB,drugs.csv,1.00,
init.8d0194ed-84cb-4345-b85a-63a5b73fa5e4,ENALAPRIL 10mg TAB,drugs.csv,1.00,
init.19c6df2b-486c-48df-805a-7333898ea093,HYDROCHLOROTHIAZIDE 50mg TAB (HCTZ 50mg TAB),drugs.csv,1.00,
init.a7ea3aad-7e11-4840-82e0-ea4aa3f616fa,LOPERAMIDE 2mg CAP,drugs.csv,1.00,
init.d6349896-1be6-4249-842d-db9d46d8f4b3,OMEPRAZOLE 20mg TAB,drugs.csv,1.00,
init.53fcc9e6-53b0-4b57-8623-a1821c1a2c5f,AMOXICILLIN 500mg AND CLAVULANIC ACID 125mg TAB (CO-AMOXICLAV 625mg TAB),drugs.csv,1.00,
init.3b1c74e6-a5dd-4da3-be38-8b41105c4f33,FERROUS SULFATE 200mg (with 60mg ELEMENTAL IRON) TAB,drugs.csv,1.00,
init.162724df-5a66-4ae3-bbf6-5dc6dbba4ebb,ISONIAZID 100mg TAB,drugs.csv,1.00,
init.b150ccdc-e7ec-4f99-b592-6f3fa73b3aea,ISONIAZID 300mg TAB,drugs.csv,1.00,
init.9c8774e0-5e15-474f-8e4f-e13d630c744e,TRIMETHOPRIM 800mg AND SULFAMETHOXAZOLE 160mg TAB (COTRIMOXAZOLE 960mg TAB),drugs.csv,1.00,
init.390ae3ca-e152-4792-89f8-1a55742bccec,DAPSONE 100mg TAB,drugs.csv,1.00,
init.b449632a-e16d-493b-8b0f-5eb490b8aba7,ACYCLOVIR 200mg TAB,drugs.csv,1.00,
init.5d54bf19-2c65-4ad3-ab8c-3ab01eea21e3,FLUCONAZOLE 200mg TAB,drugs.csv,1.00,
init.431427c3-5d9f-4910-ac44-67a4b81449e3,TRIMETHOPRIM 400mg AND SULFAMETHOXAZOLE 80mg TAB (COTRIMOXAZOLE 480mg TAB),drugs.csv,1.00,
init.36d0b180-345f-4568-82e0-da234b9a5639,PYRIDOXINE 50mg TAB,drugs.csv,1.00,
init.f51495cc-7d5b-49a3-96f4-0577f17192a2,ARTEMETHER 20mg AND LUMEFANTRINE 120mg TAB (COARTEM),drugs.csv,1.00,
init.eeeba224-f06c-454a-be79-af02383e4ce2,ARTEMETHER 40mg AND LUMEFANTRINE 240mg TAB (COARTEM),drugs.csv,1.00,
init.d90c28b2-1645-4237-af76-f55f4d5b58a1,ARTEMETHER 80mg AND LUMEFANTRINE 480mg TAB (COARTEM),drugs.csv,1.00,
init.be1dfb55-00cf-4582-bdaa-4e4fe0c1c5c7,FOLIC ACID 5mg TAB,drugs.csv,1.00,
init.c3d46eda-7d39-4b63-89f4-aa08f9413197,ASPIRIN 300mg TAB,drugs.csv,1.00,
init.3c4c91a9-db2d-4477-a48a-a8229a59daa6,DICLOFENAC 50mg TAB,drugs.csv,1.00,
init.773a0545-e9e7-49e0-b241-4ae5313ceaa1,PARACETAMOL 120mg/5ml SUSP,drugs.csv,1.00,
init.63fd78c8-57ca-4a6d-bcec-245e184670f7,TRAMADOL 50mg CAP,drugs.csv,1.00,
init.962409da-b71f-4795-9bab-a4737f8d8f7a,PREDNISONE 5mg TAB,drugs.csv,1.00,
init.9a59a36b-d1f7-4714-8dd8-97dd4d3f821a,AMOXICILLIN 250mg CAP,drugs.csv,1.00,
init.43abe55e-d9e0-490c-9b0e-3321b6cead75,AMOXICILLIN 125mg/5ml SUSP,drugs.csv,1.00,
init.e0f98fc6-e770-4817-94a8-4915893bb531,ZIDOVUDINE 300mg TAB,drugs.csv,1.00,
init.94c3e48c-982c-4ddf-98bb-9618baf3a53b,ERYTHROMYCIN 125mg/5ml SUSP,drugs.csv,1.00,
init.6fc6a2eb-e7ed-42b3-8a57-6decbcc72231,METRONIDAZOLE 200mg TAB,drugs.csv,1.00,
init.5347d982-9137-4829-b77b-864a07436508,METFORMIN 500mg TAB,drugs.csv,1.00,
init.4a37b4e7-3970-4a5b-9973-97578856d457,GLIBENCLAMIDE 5mg TAB,drugs.csv,1.00,
init.d48599c7-22cd-4391-8ee8-1cc8cefde9e5,CHLORPHENAMINE 4mg TAB,drugs.csv,1.00,
init.0e3f486b-1dad-43e8-96ec-c3858ae3a5af,ATENOLOL 50mg TAB,drugs.csv,1.00,
init.c28c7ddd-667c-48bc-9f3a-688c086f8018,ENALAPRIL 5mg TAB,drugs.csv,1.00,
init.b0e484db-ab3c-4851-9cb6-56bfaf2348a5,FUROSEMIDE 40mg TAB,drugs.csv,1.00,
init.c99da14b-d5d5-4864-bd45-b969c376199c,METHYLDOPA 250mg TAB,drugs.csv,1.00,
init.1580641e-e04f-4681-9bf2-e25c1ff43af4,AMITRIPTYLINE 25mg TAB,drugs.csv,1.00,
init.1e26e5aa-8d84-49d9-8360-6a0584168a8c,CARBAMAZEPINE 200mg TAB,drugs.csv,1.00,
init.75f58515-788b-484e-846d-4cd1e20d984e,DIAZEPAM 5mg TAB,drugs.csv,1.00,
init.a2b143e0-07bb-40fa-baa9-bd7774dde84e,PHENOBARBITONE 30mg TAB,drugs.csv,1.00,
init.8ef09927-e0d3-4d03-93c8-c558542e2d61,ANTACID TAB,drugs.csv,1.00,
init.f74132e8-c11b-4874-8707-db2fbcd8f70a,METOCLOPRAMIDE 10mg TAB,drugs.csv,1.00,
init.a37131e7-9966-48c2-b47c-8a7d8d0b8b05,FLUOXETINE 20mg CAP,drugs.csv,1.00,
init.1f492827-64b2-484c-8405-92ba60215a23,FLUOXETINE 40mg CAP,drugs.csv,1.00,
init.297c0199-892e-4caa-af76-f59b83dc4579,OLANZAPINE 5mg TAB,drugs.csv,1.00,
init.4bf3508a-9423-4a24-929f-8ae66cd46529,OLANZAPINE 10mg TAB,drugs.csv,1.00,
init.f70b6686-c01d-4162-8ea0-05092b885720,OLANZAPINE 20mg TAB,drugs.csv,1.00,
init.ea35fb82-f5bf-4255-809a-d264d24a4a4d,BENZHEXOL 5mg TAB,drugs.csv,1.00,
init.3723e7e9-903b-4259-b5be-f01fecb771ef,CHLORPROMAZINE 100mg SOL INJ,drugs.csv,1.00,
init.d3930059-0032-48c5-bb05-3ac77497b3ae,AMITRIPTYLINE 50mg TAB,drugs.csv,1.00,
init.084a2d06-b634-4182-aeec-18c6333ec8ae,CARBAMAZEPINE 400mg TAB,drugs.csv,1.00,
init.97534bf5-e250-44a9-b40b-cabe2ab01e37,CHLORPROMAZINE 100mg TAB,drugs.csv,1.00,
init.40c58d72-9d86-4eb2-a1ae-0efb2629aed2,ALPRAZOLAM 0.25mg TAB,drugs.csv,1.00,
init.0265e800-2a00-4c78-bec8-55ca5a0df338,ALPRAZOLAM 0.5mg TAB,drugs.csv,1.00,
init.98c7267a-b779-4ace-bad4-8e175a729879,IMIPRAMINE 25mg TAB,drugs.csv,1.00,
init.5a9320dd-1445-4fac-8579-64d15195942d,VALPROATE SODIUM 200mg CAP,drugs.csv,1.00,
init.aef277ba-7568-4693-9800-667139585905,VALPROATE SODIUM 400mg CAP,drugs.csv,1.00,
init.1c5b7126-b9a9-47cf-83ff-d65e0177f8bb,AMOXICILLIN 200mg AND CLAVULANIC ACID 28mg/5ml SUSP (CO-AMOXICLAV 228mg/5ml SUSP),drugs.csv,1.00,
init.8c105d09-e258-4c4a-a48f-75cd7e3587e6,TRIMETHOPRIM 40mg AND SULFAMETHOXAZOLE 200mg/5ml SUSP (COTRIMOXAZOLE 240mg/5ml SUSP),drugs.csv,1.00,
init.7a3405bc-86d6-4b1b-a83a-5989d65a6af5,CHLORPHENAMINE 2mg/5ml SYR,drugs.csv,1.00,
init.bb168b83-6eb3-490b-922c-f71768960597,NIFEDIPINE-R 20mg TAB,drugs.csv,1.00,
init.ed435c6a-aa6e-47a5-b2c2-3772bf56d693,MULTIVITAMIN TAB,drugs.csv,1.00,
init.97e96449-ff7d-44eb-993e-c79911fe1c78,MULTIVITAMIN SYR,drugs.csv,1.00,
init.41736688-affa-4163-b07c-782af6bb30c7,VITAMIN A 200000iu CAP,drugs.csv,1.00,
init.239183f5-6eca-43ed-bb29-6469f57165f2,PRENATAL VITAMINS TAB,drugs.csv,1.00,
init.3cc146f0-5bd1-43fd-8db9-2b3395aae71b,QUININE 300mg TAB,drugs.csv,1.00,
init.6fe6e467-3ddb-4b19-9968-ff0fead7bbdf,GRISEOFULVIN 125mg TAB,drugs.csv,1.00,
init.2b565d55-3605-4d3b-8d68-f518cc9657fa,ORAL REHYDRATION SALTS (ORS),drugs.csv,1.00,
init.a9699571-cc33-43a8-91c1-db4121c24c04,HAEMATINIC SYR,drugs.csv,1.00,
init.ce53ad77-ba8f-4b00-9ef7-8466c3edfee1,ZINC SULPHATE 20mg TAB,drugs.csv,1.00,
init.b4d40d17-042d-4fb2-a128-4434bc86d9f7,SALBUTAMOL 4mg TAB,drugs.csv,1.00,
init.6ea97e66-cfe0-457c-800e-bbe66c82f679,HALOPERIDOL 10mg TAB,drugs.csv,1.00,
init.ceb2a71c-18c5-409e-a643-44727192c210,AZITHROMYCIN 200mg/5ml SUSP,drugs.csv,1.00,
init.b6bba0db-22b1-4553-9af9-c589951b5d82,METRONIDAZOLE 200mg/5ml SYR,drugs.csv,1.00,
init.6d0ebfd5-5b58-4ca3-afe5-fe765fdcf536,ANTACID SUSP,drugs.csv,1.00,
init.1baf254e-1429-4fd9-8db1-edf6523cea13,RITONAVIR 100mg TAB(NORVIR 100mg TAB),drugs.csv,1.00,
init.d15d498f-f10d-461d-989e-4e4b4e0a288f,CHLORPROMAZINE 50mg SOL INJ,drugs.csv,1.00,
init.3bfb9d86-5584-4da9-9d23-dbfac9e1e877,FLUPHENAZINE 100mg DEP,drugs.csv,1.00,
init.73e7e662-e261-4948-bf39-3a4aa0f9c181,CHLORPROMAZINE 25mg TAB,drugs.csv,1.00,
init.7b34874a-60e6-46d0-986c-55169fe5ca15,FLUPHENAZINE 25mg SOL INJ,drugs.csv,1.00,
init.4b368220-c185-4b16-a108-5b251f7be4cf,HALOPERIDOL 5mg SOL INJ,drugs.csv,1.00,
init.cd658bc9-aafd-4c2e-b488-f661938c8344,HALOPERIDOL 50mg DEP INJ,drugs.csv,1.00,
init.fb2e8451-5260-4f33-8ba0-bf36ef7f275a,LAMIVUDINE 10mg/mL SOL,drugs.csv,1.00,
init.29832ff0-efa7-4a8a-99ff-6004d8eab334,ABACAVIR 20mg/mL SOL,drugs.csv,1.00,
init.25dc9ae0-02ad-41f5-a458-c592f5d0f584,ZIDOVUDINE 10mg/mL SYR,drugs.csv,1.00,
init.b8ebbdaf-986f-4c14-a5e7-ad3d3ba2bba2,NEVIRAPINE 10mg/mL SUSP,drugs.csv,1.00,
init.f1878ef8-223e-4a8b-b31d-9873e7543f96,NEVIRAPINE 50mg TAB,drugs.csv,1.00,
init.d70be31c-84dd-446c-ae81-ae9fe0b80dd7,EFAVIRENZ 50mg CAP,drugs.csv,1.00,
init.db3c194b-3e1b-4001-9a1c-a5df1728fc28,EFAVIRENZ 200mg CAP,drugs.csv,1.00,
init.833d0c12-e6e8-44a9-930a-2b8eeb209fd0,DIDANOSINE 25mg TAB,drugs.csv,1.00,
init.9fc20417-add7-402e-a1b7-a791460e6452,DIDANOSINE 50mg TAB,drugs.csv,1.00,
init.e1b3c15d-9ce6-4bac-bd12-e99f20f849a2,DIDANOSINE 100mg TAB,drugs.csv,1.00,
init.403f181c-f53b-41a0-afb1-c1242b71bbb1,DIDANOSINE 250mg CAP,drugs.csv,1.00,
init.12455d41-bf4d-401b-8dd3-b794fb97ad91,DIDANOSINE 400mg CAP,drugs.csv,1.00,
init.68cb9578-f034-410b-8735-f2191dc9bbaf,LOPINAVIR 200mg AND RITONAVIR 50mg TAB (LPV 200mg AND RIT 50mg TAB),drugs.csv,1.00,
init.f8b6299e-6bbf-446a-b3f1-a88f5d6b9da2,LOPINAVIR 80mg AND RITONAVIR 20mg SOL (LPV 80mg AND RIT 20mg SOL),drugs.csv,1.00,
init.8c031054-c174-4e5c-a674-3ab6758d23e7,ZIDOVUDINE 60mg AND LAMIVUDINE 30mg TAB (ZDV 60mg AND 3TC 30mg TAB),drugs.csv,1.00,
init.fc3308da-ff4c-4bfc-9ee6-197cae6758dd,ABACAVIR 60mg AND LAMIVUDINE 30mg TAB (ABC 60mg AND 3TC 30mg TAB),drugs.csv,1.00,
init.147aa34b-db64-48c2-a6e1-31ae54735ad8,NEVIRAPINE 50mg AND LAMIVUDINE 30mg AND ZIDOVUDINE 60mg TAB (NVP 50mg AND 3TC 30mg AND ZDV 60mg TAB),drugs.csv,1.00,
init.4d7d104b-7274-4552-81a8-31dba4a131ca,STAVUDINE 12mg AND LAMIVUDINE 60mg AND NEVIRAPINE 100mg TAB (D4T 12mg AND 3TC 60mg AND NVP 100mg TAB) (TRIOMUNE JR TABLET),drugs.csv,1.00,
init.c207d04e-fdcb-4aa4-a4b3-953c9beb223e,SALBUTAMOL MDI,drugs.csv,1.00,
init.067faba6-2bf4-47b7-bf9a-b57cc6fa21d5,TETRACYCLINE OINT,drugs.csv,1.00,
init.af2e81b8-f2e5-4a6a-a172-55b8dd128f37,SILVER SULFADIAZINE CR,drugs.csv,1.00,
init.f4bcfe7e-42da-48f8-ac7a-74113ed1a92d,PARACETAMOL SUPP 125mg,drugs.csv,1.00,
init.6c3e2bb9-8802-4da7-aede-303263f10ba7,HYDROCORTISONE DROPS,drugs.csv,1.00,
init.0cd6b8df-a332-4a1a-a2d7-cda1dda801da,HYDROCORTISONE CR,drugs.csv,1.00,
init.d17c5b84-1974-46f9-b7a3-91f1af6f667d,CLOTRIMAZOLE PESS,drugs.csv,1.00,
init.175abf77-79db-4429-9633-bfbbddf9589f,CLOTRIMAZOLE CR,drugs.csv,1.00,
init.bcdbfd1b-375d-4898-b70d-c3b82e47a86a,CALAMINE LOT,drugs.csv,1.00,
init.1bf40f7a-84ee-4010-990f-d23a09218a51,BENZYL BENZOATE EMUL,drugs.csv,1.00,
init.efca3eee-91e5-40ac-bf70-f89d674463e7,POLIO VACCINATION SOL,drugs.csv,1.00,
init.8cee709d-7f9f-49ba-b9bd-0666451a3211,DICLOFENAC 50mg SOL INJ,drugs.csv,1.00,
init.29d4b1c4-1113-41e2-afe8-61f8a83d939a,HYDROCORTISONE 100mg SOL INJ,drugs.csv,1.00,
init.fcb0fc13-531a-40f7-b22b-bd4775c13dd4,BENZATHINE PENICILLIN 2.4MU SUSP INJ,drugs.csv,1.00,
init.44028e98-b9db-4705-b7a5-7c8b4b510563,BENZYL PENICILLIN 1MU REC INJ,drugs.csv,1.00,
init.d07b4a1e-1fb5-4ae2-a4d6-0d2daacb939e,CEFTRIAXONE 1g REC INJ,drugs.csv,1.00,
init.c12c7d1e-7b32-4995-a575-661c99cc18d8,CHLORAMPHENICOL 1g REC INJ,drugs.csv,1.00,
init.cf264449-9d52-4bc5-b473-6e78826b4b32,GENTAMICIN 80mg SOL INJ,drugs.csv,1.00,
init.21934204-868a-4c5c-a238-fe18324c9fe3,INSULIN 70/30 SUSP INJ,drugs.csv,1.00,
init.ac7237a9-100a-4b82-b468-638b9bb7bdc4,REGULAR INSULIN SOL INJ,drugs.csv,1.00,
init.0c8c4824-ae27-4234-8ff7-ca76d01fbef9,QUININE 600mg SOL INJ,drugs.csv,1.00,
init.f6171a72-5e69-4915-8184-aa5ae0f314ad,FUROSEMIDE 20mg SOL INJ,drugs.csv,1.00,
init.c598ae97-1165-4d75-8202-1c59c68604d0,DIAZEPAM 10mg SOL INJ,drugs.csv,1.00,
init.adbbe253-498c-4207-8ded-c1b0915eda98,PHENOBARBITONE 120mg SOL INJ,drugs.csv,1.00,
init.9fa4f6fd-37fb-4a9a-aebb-21af3fc691e8,METOCLOPRAMIDE 10mg SOL INJ,drugs.csv,1.00,
init.ebef75ff-b342-4822-946a-271293fe4797,RANITIDINE 50mg SOL INJ,drugs.csv,1.00,
init.e0a36521-aad8-481c-87cd-06b6e044654b,DIDANOSINE 200mg TAB,drugs.csv,1.00,
init.d0f3dcef-b5d9-468e-8fda-f22ceee9f89f,ERGOMETRINE 0.5mg SOL INJ,drugs.csv,1.00,
init.37dc0c3d-9895-47b8-b549-1415c6a53845,LIDOCAINE 2% SOL INJ,drugs.csv,1.00,
init.3bd0b2ae-242d-4d91-aa2a-01398f9efa7b,MAGNESIUM SULFATE 4g SOL INJ,drugs.csv,1.00,
init.a9895529-90e3-429c-a6fc-a405a79f4fef,OXYTOCIN 10iu SOL INJ,drugs.csv,1.00,
init.b35d9a24-58ca-4e4a-bda2-15c0ebf5af65,DARROWS HALF STRENGTH SOL INJ,drugs.csv,1.00,
init.6c5a33b1-31f8-48b3-8b19-39617ded6114,DEXTROSE 5% SOL INJ,drugs.csv,1.00,
init.79800aa7-2286-4258-9a91-c71ed0017820,DEXTROSE 10% SOL INJ,drugs.csv,1.00,
init.9f373596-d0c1-403e-99e5-a00f228d8fc1,NORMAL SALINE 0.9% SOL INJ,drugs.csv,1.00,
init.96f51eb0-b2c5-47e6-8cbf-91fdbeffca5a,RINGER'S LACTACTE SOL INJ,drugs.csv,1.00,
init.53d07f5a-3cdf-4dd2-8147-9108a8aa2d3d,BACILLE CAMILE-GUERIN VACCINATION REC INJ,drugs.csv,1.00,
init.5194fb52-6386-4135-a2d8-9844660dc396,MEASLES VACCINATION REC INJ,drugs.csv,1.00,
init.5f986ca6-63b4-47b0-9ced-ef7da96a96da,PENTAVALENT VACCINE SOL INJ,drugs.csv,1.00,
init.a64d094c-df9c-4a48-b3fe-ea7aaeb543ca,PNEUMOVAX SOL INJ,drugs.csv,1.00,
init.e39a85e8-c781-4d32-9269-553260c7809b,RABIES VACCINATION REC INJ,drugs.csv,1.00,
init.43a5a53b-a0f1-4a89-a872-127a0f0381b4,TETANUS BOOSTER INJ SUSP,drugs.csv,1.00,
init.71a717bc-510e-4ff2-a8d1-1f90adb7daee,VITAMIN K 1mg SOL INJ,drugs.csv,1.00,
init.c9c09c63-00a5-47e9-babe-8034d24e01fb,POVIDONE-IODINE SOL,drugs.csv,1.00,
init.91aaa3b1-09d4-4373-bc73-5d66f4f61cac,TRAMADOL 100mg SOL INJ,drugs.csv,1.00,
init.489b19b4-8bb2-4f26-ab54-9835636de873,CHLORPROMAZINE 50mg TAB,drugs.csv,1.00,
init.a0795f11-c9c7-4f3c-af19-7518c5b0df19,RIFAMPICIN 150mg ISONIAZID 75mg PYRAZINAMIDE 400mg AND ETHAMBUTOL 275mg TAB (RHZE),drugs.csv,1.00,
init.a8861702-ab74-480d-aa01-46fe2f75e426,RIFAMPICIN 150mg ISONIAZID 75mg AND PYRAZINAMIDE 400mg TAB (RHZ),drugs.csv,1.00,
init.119530a9-620e-41c9-914f-4a111f42dbbf,RIFABUTIN 150mg TAB (RFB),drugs.csv,1.00,
init.afbcd84b-6026-4496-86d1-7ea7e06a8993,PYRAZINAMIDE 500mg (Z),drugs.csv,1.00,
init.47f27b85-d44e-4054-8352-c1f709dc5e8d,ETHAMBUTOL 400mg (E),drugs.csv,1.00,
init.c4ec5b3c-1647-4d28-b948-7a9760689bb8,ETHAMBUTOL 400mg AND ISONIZAID 150mg TAB (EH),drugs.csv,1.00,
init.a7f2f0ef-6f7c-4c31-910b-3491d1204fbd,RIFAMPICIN 150mg ISONIAZID 75mg AND ETHAMBUTOL 275mg TAB (RHE),drugs.csv,1.00,
init.5ded7061-68d0-41b3-a147-909f4a1e84fc,CHLORPROMAZINE 25mg SOL INJ,drugs.csv,1.00,
init.41d01802-b656-4d75-966b-c0ecf24a2ee7,FLUPHENAZINE 100mg TAB,drugs.csv,1.00,
init.aff086c4-6e83-4d59-99e0-078310791b7f,FLUPHENAZINE 100mg SOL INJ,drugs.csv,1.00,
init.48abb4ba-f740-4eea-b34f-fec67f9247fb,FLUPHENAZINE 25mg TAB,drugs.csv,1.00,
init.efef3ff7-04d1-458c-a50c-743b56c5fcd1,HALOPERIDOL 10mg SOL INJ,drugs.csv,1.00,
init.1f903354-ac31-4398-9cb9-973f1c82eadf,HALOPERIDOL 50mg TAB,drugs.csv,1.00,
init.846a253c-2717-40d7-8cac-6fd6d9634d93,HALOPERIDOL 50mg SOL INJ,drugs.csv,1.00,
init.aa97894f-a653-4b9e-bc67-bca3e5acac8f,VALPROATE SODIUM 200mg TAB,drugs.csv,1.00,
init.3ea9397a-9a11-4fec-b27e-85cefed515d9,VALPROATE SODIUM 500mg TAB,drugs.csv,1.00,
init.a48bd79f-bed3-4574-9a38-8f0def01ba40,FLUPHENAZINE 25mg DEP INJ,drugs.csv,1.00,
init.ef89fea0-eca1-49b2-888b-c0978a266966,HALOPERIDOL 10mg DEP INJ,drugs.csv,1.00,
init.ba3e5e43-5c83-45da-903a-753388d8f46d,HALOPERIDOL 5mg DEP INJ,drugs.csv,1.00,
init.08fd36d0-2d09-47fb-9929-5ce469e977f3,FLUPHENAZINE 12.5mg DEP INJ,drugs.csv,1.00,
init.d6418d00-aec5-4c64-92cc-090081880822,FLUPHENAZINE 50mg DEP INJ,drugs.csv,1.00,
init.aa0b26df-7d9b-4cd3-8a06-05ddadd620a0,VALPROATE SODIUM 500mg CAP,drugs.csv,1.00,
init.0714a308-817e-401d-a76a-60a05e64e19e,VALPROATE SODIUM 750mg TAB,drugs.csv,1.00,
init.384a092c-0beb-4820-8206-49325550c874,VALPROATE SODIUM 750mg CAP,drugs.csv,1.00,
init.46a7aa55-05e5-4520-b31b-a32384cb5e72,LEVOFLOXACIN 250mg TAB,drugs.csv,1.00,
init.8526b8eb-c93c-4da0-aa28-e53bdf1e8fdc,LEVOFLOXACIN 500mg TAB,drugs.csv,1.00,
init.09c1afa6-1b53-4a74-9191-7262cc3c654f,LEVOFLOXACIN 750mg TAB,drugs.csv,1.00,
init.c23445b4-afcc-49b2-94f8-8ba9865df6d6,PROTIONAMIDE 250mg TAB,drugs.csv,1.00,
init.a0f96703-96a0-403a-8c76-82eee4ef6fde,PROTIONAMIDE 500mg TAB,drugs.csv,1.00,
init.6505eb4a-db3e-4783-abeb-bbc132bcd78c,CYCLOSERINE 250mg CAP,drugs.csv,1.00,
init.29ddf3bf-deab-4d41-8c0a-1364b388ca04,CYCLOSERINE 500mg CAP,drugs.csv,1.00,
init.14e4fc28-4e60-4b9f-acef-7ddccf45fa53,KANAMYCIN SULFATE 1g SOL INJ,drugs.csv,1.00,
init.d68bfebc-5050-4a95-b54a-f8a9235a1c95,KANAMYCIN SULFATE 2g SOL INJ,drugs.csv,1.00,
init.c6af66e3-630d-4b31-bb9c-b0ea99bcbc90,CAPREOMYCIN SULFATE 1g REC INJ,drugs.csv,1.00,
init.3ad4598d-c8a4-4a80-97f9-70c372fed309,PASER 4g DEL GRAN,drugs.csv,1.00,
init.6335d2de-7e57-490f-9b13-0cefd9dd7d81,OFLOXACIN 100mg TAB,drugs.csv,1.00,
init.751cbbed-114a-4889-ac69-9d3c481e2082,OFLOXACIN 200mg TAB,drugs.csv,1.00,
init.beb6ade8-1975-47dd-a75a-6687d34ae36a,OFLOXACIN 400mg TAB,drugs.csv,1.00,
init.5406f76f-1255-4af8-b63a-8b70b92737d7,METFORMIN 850mg TAB,drugs.csv,1.00,
init.bc65c466-0a3d-4606-8edc-8563787deea3,METFORMIN 1000mg TAB,drugs.csv,1.00,
init.c9676ca6-12d2-4fd6-9b83-d1f5f23ccc2b,GLIBENCLAMIDE 7.5mg TAB,drugs.csv,1.00,
init.ea502d7c-c331-42c3-8f59-cfc73adcc7d6,GLIBENCLAMIDE 10mg TAB,drugs.csv,1.00,
init.a6be6647-74dd-4208-a6c1-22fbb14c589f,GLIBENCLAMIDE 2.5mg TAB,drugs.csv,1.00,
init.d938b638-e91e-491b-96cd-790add567396,PIOGLITAZONE 15mg TAB,drugs.csv,1.00,
init.381ea54a-8118-4178-820f-b7afa5d93b66,PIOGLITAZONE 30mg TAB,drugs.csv,1.00,
init.23ea18e1-676d-440c-8e30-5bbe3b7fd77a,ENALAPRIL 2.5mg TAB,drugs.csv,1.00,
init.11836dc4-9a08-4d5b-a91c-bede87786b50,ENALAPRIL 15mg TAB,drugs.csv,1.00,
init.5c903a4e-39bf-4563-b3cb-c731a17b3ffe,ENALAPRIL 20mg TAB,drugs.csv,1.00,
init.39d7fef8-cb51-40aa-ae42-8128725d252b,HYDROCHLOROTHIAZIDE 12.5mg TAB (HCTZ 12.5mg TAB),drugs.csv,1.00,
init.1b2cc2a8-b565-4599-8f89-c9fe39e2a340,HYDROCHLOROTHIAZIDE 25mg TAB (HCTZ 25mg TAB),drugs.csv,1.00,
init.e78cf176-4f59-4c71-b7df-c2cc27f6f637,NIFEDIPINE 40mg TAB,drugs.csv,1.00,
init.7540e598-880a-449e-a936-7ad11b9977f0,ATENOLOL 25mg TAB,drugs.csv,1.00,
init.d6e8c3ea-5068-41b7-aaf0-a17d32382aa8,ATENOLOL 100mg TAB,drugs.csv,1.00,
init.247e53e6-86d5-4325-8c88-8a7bda16b5f0,CARVEDILOL 3.125MG TAB,drugs.csv,1.00,
init.fcb4e2a5-9bfa-4090-adf3-3f6949e4d9fb,CARVEDILOL 6.25mg TAB,drugs.csv,1.00,
init.e34704ed-b5e0-454f-a9a5-3de190e0f7d5,CARVEDILOL 12.5mg TAB,drugs.csv,1.00,
init.ab539d87-69b2-45a2-9510-878d85ceb5c6,CARVEDILOL 25mg TAB,drugs.csv,1.00,
init.12309904-5f80-4d65-b8e7-e04c183ecc0b,AMLODIPINE 2.5mg TAB,drugs.csv,1.00,
init.568771d5-3116-4ed7-a85d-3f7f0b9a4e54,AMLODIPINE 5mg TAB,drugs.csv,1.00,
init.2edd97ef-6642-4052-b86b-ab33aaebe579,AMLODIPINE 10mg TAB,drugs.csv,1.00,
init.49e9bb6e-45ca-44b7-b895-7c3fcfd75d7c,ATORVASTATIN 10mg TAB (LIPITOR 10mg TAB),drugs.csv,1.00,
init.c24c8f86-5236-4132-9496-0cc0770f7683,ATORVASTATIN 20mg TAB (LIPITOR 20mg TAB),drugs.csv,1.00,
init.6c242143-e467-402e-9196-b34545dde56f,ATORVASTATIN 40mg TAB (LIPITOR 40mg TAB),drugs.csv,1.00,
init.96ccf18f-3486-4f3d-95e6-ea11e20afa69,ATORVASTATIN 80mg TAB (LIPITOR 80mg TAB),drugs.csv,1.00,
init.1bca5460-5954-4ab2-b500-186f37f8cea6,PREGABALIN 75mg CAP,drugs.csv,1.00,
init.f2a567f8-f2d2-499a-9178-655f3e2d6ef9,PREGABALIN 100mg CAP,drugs.csv,1.00,
init.a0da0d58-0be5-44d5-8249-b3525c060df1,PREGABALIN 150mg CAP,drugs.csv,1.00,
init.0d588c8c-a14b-4883-9984-4be2ee97dc71,PREGABALIN 300mg CAP,drugs.csv,1.00,
init.ba516eca-4f7c-4e12-9e8b-326ef0e80ca0,GABAPENTIN 150mg TAB,drugs.csv,1.00,
init.9807c55e-a312-4ba8-916c-f48f2b0de74d,GABAPENTIN 300mg TAB,drugs.csv,1.00,
init.02838e06-ce3b-4804-88fc-aac8393a17ed,LOSARTAN 25mg TAB,drugs.csv,1.00,
init.8efcb46c-295d-40c7-944b-9604f9759864,LOSARTAN 100mg TAB,drugs.csv,1.00,
init.caf1accf-7e15-48da-93ac-33cf9acf2e15,CARBAMAZEPINE 100mg TAB,drugs.csv,1.00,
init.177635d0-793b-4a66-8324-976c46f795af,RIFAMPICIN 150mg AND ISONIAZID 75mg TAB,drugs.csv,1.00,
init.05e828e0-0988-4cf0-802a-3a11a42cfe6e,STREPTOMYCIN 1g REC INJ,drugs.csv,1.00,
init.6811894e-ef68-4174-aa52-478791857266,GLIPIZIDE 2.5mg TAB,drugs.csv,1.00,
init.3fed46fe-2bca-49d7-9c4d-ceaa6e4d368f,GLIPIZIDE 5mg TAB,drugs.csv,1.00,
init.02efad67-4340-4835-8fbb-309e6746dc46,GLIPIZIDE 10mg TAB,drugs.csv,1.00,
init.1ec6d128-75d3-47df-b077-3b810b77b59d,GLICLAZIDE 120mg TAB,drugs.csv,1.00,
init.5f249221-d451-4b3b-9e25-59146703d052,GLICLAZIDE 30mg TAB,drugs.csv,1.00,
init.e71bb18a-6acb-41a9-9885-8fe134a1933f,GLICLAZIDE 60mg TAB,drugs.csv,1.00,
init.c5bed405-475d-4fad-859a-76df68c473ba,GLICLAZIDE 80mg TAB,drugs.csv,1.00,
init.bd69d4d4-beaf-4113-9821-0dc7d02d2543,GLIMEPIRIDE 1mg TAB,drugs.csv,1.00,
init.9e56ecbc-64ab-4f24-94f3-027e5f9071c4,GLIMEPIRIDE 2mg TAB,drugs.csv,1.00,
init.fd4909e3-1098-4b1e-ac15-2aa53671c60c,GLIMEPIRIDE 4mg TAB,drugs.csv,1.00,
init.c2ddb9b2-8023-4251-8735-e113357af8db,METOPROLOL 25mg TAB,drugs.csv,1.00,
init.52795770-4584-422e-a2b7-774b30b75088,METOPROLOL 50mg TAB,drugs.csv,1.00,
init.887f8caf-1c18-47f8-9927-a57365bcadba,METOPROLOL 100mg TAB,drugs.csv,1.00,
init.59611435-e869-4a8d-8e58-649b7630e471,JUNIOR ASPIRIN 75mg TAB,drugs.csv,1.00,
init.a515a6b4-95c4-4910-b9fb-e9bd4d5763a4,SILDENAFIL 25mg TAB,drugs.csv,1.00,
init.faa56aa5-3c04-4f5b-9cb2-8f30c51f2a55,SILDENAFIL 50mg TAB,drugs.csv,1.00,
init.bb8ab6c5-0bcf-4198-b820-2e34aaf3c95e,SILDENAFIL 75mg TAB,drugs.csv,1.00,
init.fff02921-105d-406e-8182-82cfde5a2e87,JUNIOR ASPIRIN 81mg TAB,drugs.csv,1.00,
init.d426c9cc-4d16-4795-a5ed-39bd8a7bb7ab,IBUPROFEN 200mg TAB,drugs.csv,1.00,
init.4cab530c-4e08-4a07-a12e-50106911258c,CETIRIZINE 10mg TAB,drugs.csv,1.00,
init.a483aec8-a192-4ef0-8696-eecd2feb5161,CETIRIZINE 5mg/5ml SYR,drugs.csv,1.00,
init.f2172449-0e63-446b-b582-6f2d5b55e11a,DERMOGUARD 20g CR,drugs.csv,1.00,
init.2bfcd9b0-9c1c-4e8e-aea5-dc7ba19eabe6,ALBENDAZOLE 200mg TAB,drugs.csv,1.00,
init.b534176a-34b6-4c3a-80c0-a4fb7804b1d2,AZITHROMYCIN 500mg TAB,drugs.csv,1.00,
init.46c2cf0e-f0c9-440d-9c55-24679b4d541b,CLOPIDOGREL 75mg TAB,drugs.csv,1.00,
init.b53ff24f-a595-45a0-9a51-337ab02e340c,CLOXACILLIN 250mg CAP,drugs.csv,1.00,
init.4331ac70-e6d2-4f51-a14d-c3be4f127222,DICLOFENAC 100mg TAB,drugs.csv,1.00,
init.6dfabbb9-9822-44a6-949c-c1238b095de7,DICLOFENAC 75mg SOL INJ,drugs.csv,1.00,
init.a117b70e-8d1e-45b8-8cf5-1fc9a9f898c9,DIGOXIN 0.25mg TAB,drugs.csv,1.00,
init.08f14237-0b70-4aed-8c22-14e3d560f483,DIGOXIN 0.125mg TAB,drugs.csv,1.00,
init.4b477101-6195-49eb-8020-bd98a10bdbac,ERYTHROMYCIN 500mg TAB,drugs.csv,1.00,
init.b8206303-b00f-4515-9b02-a657c78c662b,ERYTHROMYCIN 250mg TAB,drugs.csv,1.00,
init.5fcc8ff9-1310-4043-841d-18a62f7eb12d,LISINOPRIL 5mg TAB,drugs.csv,1.00,
init.e658db0f-bb25-4d35-a5cb-ce4d87200a3b,LISINOPRIL 10mg TAB,drugs.csv,1.00,
init.3f311b77-289d-4568-bfab-a1314848b813,LISINOPRIL 20mg TAB,drugs.csv,1.00,
init.08e33a77-1c96-4dbe-a239-0d5cd27fde40,PROPRANOLOL 30mg TAB,drugs.csv,1.00,
init.59d5b138-42bb-4bf2-918a-0e23a896875e,RANITIDINE 150mg TAB,drugs.csv,1.00,
init.e905a5a5-7a98-4549-a6a3-9294e31fa7dc,SPIRONOLACTONE 100mg TAB,drugs.csv,1.00,
init.6dc89483-0243-48f4-889c-a96e637b455b,IBUPROFEN 100mg SOL INJ,drugs.csv,1.00,
init.4df97a94-b547-4d75-be7a-1d33e5124e17,AMIODARONE 200mg TAB,drugs.csv,1.00,
init.8efc2d44-3a43-4c76-9c2a-dc990f3f76b7,AMIODARONE 400mg TAB,drugs.csv,1.00,
init.1ba7e3f0-8ed0-4b0a-91f7-164aa103f727,METRONIDAZOLE 500mg SOL INJ,drugs.csv,1.00,
init.486db707-c9b6-46cf-baac-2fa690ce64f8,DILTIAZEM SR 60mg CAP,drugs.csv,1.00,
init.fb1e5077-bff9-4493-9f86-94fd4ad839c5,DILTIAZEM SR 90mg CAP,drugs.csv,1.00,
init.49618d56-c1ad-445b-80a0-32cf05294336,DILTIAZEM SR 120mg CAP,drugs.csv,1.00,
init.8156f9bc-83da-4f2c-95a8-f27c37ef214a,DILTIAZEM SR 240mg CAP,drugs.csv,1.00,
init.19423275-d53f-483f-be46-1d939cf2f8c5,CLEXANE 40mg SOL INJ (ENOXAPARIN 40mg SOL INJ),drugs.csv,1.00,
init.eddb4008-5c72-4288-a6ad-600d73417a7d,CLEXANE 80mg SOL INJ (ENOXAPARIN 80mg SOL INJ),drugs.csv,1.00,
init.59d956df-8082-467f-bbb7-ee2b63b0e5ae,LISINOPRIL 20mg AND HYDROCLOROTHIAZIDE 25mg TAB,drugs.csv,1.00,
init.7db166f2-629a-4731-9ba9-b6e5fb7d9039,CLEXANE 30mg SOL INJ (ENOXAPARIN 30mg SOL INJ),drugs.csv,1.00,
init.30dfa9ce-2096-413b-bd09-291da6a8768c,CLEXANE 60mg SOL INJ (ENOXAPARIN 60mg SOL INJ),drugs.csv,1.00,
init.aecf9472-deaa-42b7-8142-3b6595a4989a,CLEXANE 100mg SOL INJ (ENOXAPARIN 100mg SOL INJ),drugs.csv,1.00,
init.42888738-0f4c-4dd8-aaac-dfdce830ed5e,CAPTOPRIL 25mg TAB,drugs.csv,1.00,
init.483c8170-3533-441d-8722-487994aeff67,CAPTOPRIL 50mg TAB,drugs.csv,1.00,
init.11c72f4a-fcb2-4496-a059-55805a28ac36,RAMIPRIL 1.25mg TAB,drugs.csv,1.00,
init.2a061993-d0b0-4670-a932-d783aa8b0dd2,RAMIPRIL 2.5mg TAB,drugs.csv,1.00,
init.2e434cf9-5ac4-41dc-8746-77d59e7c35bd,RAMIPRIL 5mg TAB,drugs.csv,1.00,
init.9ae2ee65-3047-4160-b383-48f6302eec75,RAMIPRIL 10mg TAB,drugs.csv,1.00,
init.349316cb-19ac-44d7-bc21-57545e822e74,SIMVASTATIN 5mg TAB (ZOCOR 5mg TAB),drugs.csv,1.00,
init.d4ef676b-fb7d-451b-9000-5c0b0d2cf494,SIMVASTATIN 10mg TAB (ZOCOR 10mg TAB),drugs.csv,1.00,
init.24a2af38-2f97-4d43-ab7a-987fb59c87e4,SIMVASTATIN 20mg TAB (ZOCOR 20mg TAB),drugs.csv,1.00,
init.0f7c9f4d-d834-4fcb-805c-31b7ede569f3,SIMVASTATIN 40mg TAB (ZOCOR 40mg TAB),drugs.csv,1.00,
init.8e738f51-ad38-472a-b183-d2b9a5e90eda,SIMVASTATIN 80mg TAB (ZOCOR 80mg TAB),drugs.csv,1.00,
init.fe6d626a-e622-4712-903a-7966cba4be03,PARACETAMOL 150mg/ml SUSP,drugs.csv,1.00,
init.48fec3d4-86fa-4ba6-bb33-0e3b62e16a30,DICLOFENAC 25mg SOL INJ,drugs.csv,1.00,
init.a396f64d-af3f-449e-9968-50f2392b8334,SPIRONOLACTONE 50mg TAB,drugs.csv,1.00,
init.7d8666e3-b9c1-476c-8564-e58c8c39d777,IBUPROFEN 200mg/5ml SUSP,drugs.csv,1.00,
init.43613da3-6227-48a1-8846-d926823ca0ee,CAPTOPRIL 12.5mg TAB,drugs.csv,1.00,
init.202583b4-7fd9-4c30-b6c9-5dabc4fbdebe,LISINOPRIL 2.5mg TAB,drugs.csv,1.00,
init.c8273fc6-d115-4d0c-ae0f-802e743ca5f6,LISINOPRIL 40mg TAB,drugs.csv,1.00,
init.80059522-192d-4d9b-a05a-72f546860700,LOSARTAN 75mg TAB,drugs.csv,1.00,
init.f0d650ea-ff76-407a-8bd8-9eafc21851ee,METOPROLOL 12.5mg TAB,drugs.csv,1.00,
init.cf735488-1cdc-4687-bc9b-4a3708b364e3,METOPROLOL 75mg TAB,drugs.csv,1.00,
init.eafc9e55-5750-434d-874e-5bbfdd652a79,ATENOLOL 75mg TAB,drugs.csv,1.00,
init.0d996cac-e5c9-45f6-ae96-684eb7c8d0d3,ASPIRIN 325mg TAB,drugs.csv,1.00,
init.437ece6d-f321-47a8-bcc8-a469104942a9,ATORVASTATIN 60mg TAB (LIPITOR 60mg TAB),drugs.csv,1.00,
init.15815152-e5be-4fb8-a9b1-48af966410fc,SIMVASTATIN 60mg TAB (ZOCOR 60mg TAB),drugs.csv,1.00,
init.aef470b3-34e2-4ee5-beeb-ab17d8cc83f8,PARACETAMOL 1000mg TAB,drugs.csv,1.00,
init.dbb39adc-af42-4b20-9310-5c6b5b17d0db,IBUPROFEN 600mg TAB,drugs.csv,1.00,
init.72d5fa09-cd89-4ab0-a909-c0549cefe62a,SPIRONOLACTONE 75mg TAB,drugs.csv,1.00,
init.a0e56a74-c1c6-4146-87ce-8e9b104272e2,LAMIVUDINE 300mg TAB,drugs.csv,1.00,
init.61b05799-466d-4a9e-b134-00b607505058,FUROSEMIDE 80mg TAB,drugs.csv,1.00,
init.4f95770f-d7af-4591-9011-15697ca17091,FUROSEMIDE 10mg SOL INJ,drugs.csv,1.00,
init.743d4d97-884f-4bfa-baea-b3ca06450846,FUROSEMIDE 20mg TAB,drugs.csv,1.00,
init.862ead35-4574-4163-aaaf-ed14fbfa5d41,CLARYTHROMYCIN 250mg TAB,drugs.csv,1.00,
init.484c158d-5a7f-40ea-9b7c-da42f6c9087b,CLARYTHROMYCIN 500mg TAB,drugs.csv,1.00,
init.aa5ec6f8-4606-467d-9684-a3cb5ddd07e8,HEPARIN 5000iu SOL INJ,drugs.csv,1.00,
init.ecb12b61-7f23-4e79-a00d-1f00faf3edf3,HEPARIN 7500iu SOL INJ,drugs.csv,1.00,
init.5f5f7e14-fcf3-4760-bf4b-ab42bc4076a1,HEPARIN 10000iu SOL INJ,drugs.csv,1.00,
init.32d36ca2-2174-43ac-ba49-b0edefa03fe0,HEPARIN 12500iu SOL INJ,drugs.csv,1.00,
init.c380d378-d366-4237-8ccf-a5b4dd12aa96,WARFARIN 5mg TAB,drugs.csv,1.00,
init.d04f940d-750a-4392-ac17-660da331736f,WARFARIN 1mg TAB,drugs.csv,1.00,
init.38239baf-1789-4318-8858-0cb8ecc3a809,WARFARIN 3mg TAB,drugs.csv,1.00,
init.d37a555e-dbc1-4f31-9958-2c5070642d51,WARFARIN 6mg TAB,drugs.csv,1.00,
init.15f06142-b43f-41fc-9ed1-1548f09d5ead,FLUCLOXACILIN 250mg CAP (FLOXACILIN 250mg CAP),drugs.csv,1.00,
init.e343f20e-f904-4fe2-8835-b5c64c826914,FLUCLOXACILIN 500mg CAP (FLOXACILIN 500mg CAP),drugs.csv,1.00,
init.3cbfb0b9-721e-4d42-92a3-7d37269aab24,ATAZANAVIR 300mg AND RITONAVIR 100mg TAB,drugs.csv,1.00,
init.42ef7c4d-d6fb-49c0-a46e-019c42dea203,RITONAVIR 80mg/ml SYR (NORVIR 80mg/ml SYR),drugs.csv,1.00,
init.bef43e11-bf8a-447e-b725-1406f6ff2753,RITONAVIR 100mg CAP(NORVIR SEC 100mg CAP),drugs.csv,1.00,
init.2ecaa078-c3d3-4ddb-9ff9-a61bd5e86c54,AMOXICILLIN 200mg AND CLAVULANIC ACID 125mg TAB (CO-AMOXICLAV 375mg TAB),drugs.csv,1.00,
init.f8a4bf84-bdae-493e-843f-c6762fa98774,AMOXICILLIN 1000mg AND CLAVULANIC ACID 200mg (REC INJ 1.2 g),drugs.csv,1.00,
init.e5823d62-4e31-487a-9f66-42154df84786,HYDROCORTISONE 500mg AND CINCHOCAINE 500mg CREAM (SEDIPROCT 1g CREAM),drugs.csv,1.00,
init.56098f5e-d6a0-42d3-ba8f-5003e61b2782,ANUSOL 59mg/24mg/296mg SUPPOSITORY,drugs.csv,1.00,
init.1adb3fdb-b329-4c2d-845b-1b8d17cb8ff9,CARBIMAZOLE 5mg TAB,drugs.csv,1.00,
init.fc6ef48a-f763-4bfe-9c14-f61f5b8e074f,DEXAMETHASONE 0.1% DROPS 5ml,drugs.csv,1.00,
init.ffad075c-2a3f-4a17-b2d8-7cb6218e59ed,DEXAMETHASONE AND GENTAMICIN 5ml DROPS,drugs.csv,1.00,
init.48351c8f-c9e1-48c5-afb4-77f509c59395,GENTAMICIN BP 0.3% DROPS 5ml,drugs.csv,1.00,
init.f83294a4-81ba-4ae1-ac60-1cac6321f973,PREDNISOLONE 1% DROPS 5ml,drugs.csv,1.00,
init.595e7c37-195d-429c-94b9-5be07b4ce661,SALMETEROL 50mcg AND FLUTICASONE 150mcg MDI,drugs.csv,1.00,
init.cfee0362-81ee-411a-a7b4-3fb02fef8687,SODIUM CROMOGLYCATE 2% DROPS 10ml,drugs.csv,1.00,
init.d757bb37-26b0-455b-b5c5-b26a5aee86e4,TIMOLOL 2.5% DROPS 5ml,drugs.csv,1.00,
init.5cd5a062-cb8b-492a-8791-2b867cf67401,ZINC SULPHATE 0.25% DROPS 5ml,drugs.csv,1.00,
init.e9b945e4-8029-4a46-a894-1b2dc4aefd1e,HYDROXYPROPYL 0.7% DROPS (ARTIFICIAL TEARS),drugs.csv,1.00,
init.77144e4d-5070-474d-8924-54b5b050777e,DIGOXIN 250 mcg/ml INJ,drugs.csv,1.00,
init.6e792b78-c595-42ae-a21a-29cc30f9c858,FONDAPARINUX 7.5mg INJ,drugs.csv,1.00,
init.e7233a14-e346-4f15-9b1d-7bec47b98300,ISOSORBIDE MONONITRATE 10mg,drugs.csv,1.00,
init.349dacd8-1134-4557-b4da-4b10efcd0ca0,ISOSORBIDE MONONITRATE 20mg,drugs.csv,1.00,
init.b1166809-53de-4a41-9e2a-62fe604f8a40,ISOSORBIDE MONONITRATE 50mg,drugs.csv,1.00,
init.bf560800-0e95-493e-b1ac-170ee5bec00d,ISOSORBIDE MONONITRATE 60mg,drugs.csv,1.00,
init.677bde36-77b6-4a1a-b07a-b43248867f05,ISOSORBIDE DINITRATE 10mg,drugs.csv,1.00,
init.9cd2d8ab-b55c-48ee-8d30-65ce71ee8c8b,ISOSORBIDE DINITRATE 20mg,drugs.csv,1.00,
init.ffb7cc73-3752-4cf5-bb17-13183bd9b1dc,LABETALOL 5mg/ml INJ,drugs.csv,1.00,
init.d37ad271-66c5-42d6-a8b1-65ce4c0811ff,NORADRENALINE 2mg/ml INJ,drugs.csv,1.00,
init.e796c6cf-cff0-4d75-af77-d703ec554bbf,ZINC SULPHATE 0.25% DROPS 7ml,drugs.csv,1.00,
init.8e021eee-b51f-43ad-bc29-2dea1893d593,ZINC SULPHATE 0.25% DROPS 10ml,drugs.csv,1.00,
init.99d1a61c-eb23-416f-bd3b-1cfc4228ba21,LISINOPRIL 20mg AND HYDROCLOROTHIAZIDE 12.5mg,drugs.csv,1.00,
init.5856e0a6-3b75-4531-a1ef-9209919fb6f5,FELODIPINE 5MG,drugs.csv,1.00,
init.035bf78a-6504-4133-9a5b-74d8ccbee878,FELODIPINE 10MG,drugs.csv,1.00,
init.9fca88ba-47b1-4d67-83da-ecdfd2aa0349,FELODIPINE 2.5mg TAB,drugs.csv,1.00,
init.21659445-3cfc-4a33-aaa4-9fa12ff0d48e,METFORMIN 750mg TAB,drugs.csv,1.00,
init.1a2d5a7d-662b-4d7d-8351-170da1fb70a8,CEFUROXIME 250mg TAB,drugs.csv,1.00,
init.09465b42-5c66-48b4-bb23-3a1a00372581,CEFUROXIME 250mg SYR,drugs.csv,1.00,
init.dded5779-9b4a-452e-8918-73a9ac7a242c,CEFUROXIME 125mg SYR,drugs.csv,1.00,
init.a4b2ee1e-acfb-43d7-8c97-0b7bf05eedf5,CEFUROXIME 500mg TAB,drugs.csv,1.00,
init.a1e6a8ec-dc37-4bf8-9c5b-9bc762dca01a,LACTULOSE 200ml,drugs.csv,1.00,
init.0caee047-ddd7-4634-bf5d-e3a97260fd41,ACECLOFENAC 100mg,drugs.csv,1.00,
init.a647bbf0-c2a6-47f1-aa79-3b1d35eea5b7,SALMETEROL 25mcg AND FLUTICASONE 50mcg,drugs.csv,1.00,
init.19300cb4-ee83-4268-9396-0d0562787d1d,SALMETEROL 25mcg AND FLUTICASONE 125mcg,drugs.csv,1.00,
init.e05278d4-6ef1-461d-8194-931138306a1b,SALMETEROL 25mcg AND FLUTICASONE 250mcg,drugs.csv,1.00,
init.6cc8b566-6351-4662-9a31-f2864d43c90f,SALMETEROL 50mcg AND FLUTICASONE 250mcg,drugs.csv,1.00,
init.2765ec31-f520-4ca8-a54a-e110ef151a53,MEROPENEM 500mg,drugs.csv,1.00,
init.7aa2e93f-8bb8-4df8-9c96-a946d6da341a,MEROPENEM 1000mg,drugs.csv,1.00,
init.0d5d59b2-22d3-4e05-aed4-bcb0aea1fe8c,ACYCLOVIR 0.03% OINTMENT 4g,drugs.csv,1.00,
init.526e227a-d59c-4ae4-aa67-1f3804dad2d6,ADENOSINE 3mg/ml INJ,drugs.csv,1.00,
init.0c803928-e1f2-4517-8bd7-66140d3be1e0,BECLOMETHASONE 100mcg INHALER,drugs.csv,1.00,
init.03bbefd2-cbaf-4722-a618-297e090e00b4,CEFEPIME 1g INJ,drugs.csv,1.00,
init.a3fb8c00-f450-429d-9492-c62069ba016d,CEFIXIME 200mg TAB,drugs.csv,1.00,
init.3110d8d4-22cd-493f-a3a7-c5c3af908152,CEFIXIME 400mg TAB,drugs.csv,1.00,
init.9fecdcc7-b3cd-43bc-a1b1-aedd2ca1a9ae,CELECOXIB 200mg CAP,drugs.csv,1.00,
init.9cb645a4-a1df-4403-bedc-f2df7fa638cb,CIPROFLOXACIN 0.3% DROPS,drugs.csv,1.00,
init.f09799b1-ca20-4cec-8fac-0d83c86e8489,DICLOFENAC 1% GEL,drugs.csv,1.00,
init.27f8fb93-1bd8-4eda-85cd-99fb736b0490,FLUCLOXACILLIN 500mg INJ(FLOXACILLIN 500mg INJ),drugs.csv,1.00,
init.80cca77b-7732-413f-9ee7-581c59cc790e,GRISEOFULVIN 250mg TAB,drugs.csv,1.00,
init.8809adbf-7d7c-42b1-9ec0-f6f6647a7998,IBUPROFEN 100mg/5ml SYRUP 100ml,drugs.csv,1.00,
init.cc39c01a-77ee-4b91-93c2-7daafd889370,IBUPROFEN 100mg/5ml SYRUP 60ml,drugs.csv,1.00,
init.1727f5db-3176-43fd-a30f-fe4934a7ad35,LACTULOSE 3.4mg/ml SOLUTION 200ml,drugs.csv,1.00,
init.578e684e-f63b-437b-8614-d2e560e8e791,PARACETAMOL 150mg/ml INJ,drugs.csv,1.00,
init.7740711a-6516-4eac-9ae4-7724a9e414b2,PHENYTOIN SODIUM 50mg/ml INJ,drugs.csv,1.00,
init.13d1ae49-cdde-4771-8cf1-1c5826ea8cf0,PHENYTOIN SODIUM 100mg TAB,drugs.csv,1.00,
init.946af378-3354-4538-b9c9-348a4611934f,PROGUANIL 100mg TAB (PALUDRINE 100mg TAB),drugs.csv,1.00,
init.1b980f15-6f51-400c-801a-669f5d1d127d,VALPROATE SODIUM 250mg TAB,drugs.csv,1.00,
init.72d4ff1a-4a9b-4a71-a590-27b7c848cc46,RABIES VACCINE 0.5ml INJ,drugs.csv,1.00,
init.0ea94c19-1e35-4aaa-9dd8-07bc48048145,INSULIN (ACTRAPID) 100IU/ML INJ,drugs.csv,1.00,
init.38b9c977-f6d7-4d19-b75a-ade8c5a8da1f,INSULIN (MIXTARD) 70/30 100IU/ML INJ,drugs.csv,1.00,
init.a5c5c64b-c94c-4eeb-843b-249dd0334525,LOPERAMIDE 2mg TAB,drugs.csv,1.00,
init.97d209b1-36fd-4117-8224-928bca8fd325,POTASSIUM CHLORIDE 10 mEq TAB,drugs.csv,1.00,
init.edbad996-c25c-45bf-88eb-71e80b2b144b,POTASSIUM CHLORIDE 1.5g/10ml,drugs.csv,1.00,
init.023df3d1-24cf-4262-ae12-3abedc19424e,PROPRANOLOL 40mg TAB,drugs.csv,1.00,
init.82dce3e6-d50e-462e-8c43-b3b0fccbac9a,MAGNESIUM TRISILICATE 14.2mg AND ALUMINIUM HYDROXIDE 80mg,drugs.csv,1.00,
init.a6b5d34c-f74f-4bf3-864e-00f420a7b009,SALBUTAMOL 2mg/5ml SYRUP 100ml,drugs.csv,1.00,
init.476e4f4d-d70c-40b6-9221-d1e48c79f731,VANCOMYCIN 500mg INJ,drugs.csv,1.00,
init.5a47f9d2-eb0c-45a3-90e4-99a47beb590b,AMIODARONE 50mg/ml VIAL 3ml,drugs.csv,1.00,
init.c5d0c9d6-abd8-4d52-9c52-6b54b4f21c8b,ANTI-HAEMORRHOID CREAM,drugs.csv,1.00,
init.fc9d5577-97d3-4661-b7c3-089aff41ee21,ANTI-HAEMORRHOID SUPP,drugs.csv,1.00,
init.77aa4678-c6ca-4558-b31c-4d313782e2af,CALCIUM GLUCONATE 1g/10ml INJ,drugs.csv,1.00,
init.0ad537ae-03dd-4241-bb0b-ca009500eccd,CHLORPHENAMINE 10mg/ml INJ,drugs.csv,1.00,
init.542fe91a-16db-4998-ae61-401bd2a7256b,DEXTROSE 10% 500ml BOTTLE,drugs.csv,1.00,
init.35c234d0-9abc-43f6-8236-ff54dfa9d015,DEXTROSE 5% 500ml BOTTLE,drugs.csv,1.00,
init.329246a2-977d-4f73-86eb-201253b1a282,DEXTROSE 10% 250ml BOTTLE,drugs.csv,1.00,
init.1f9ce610-0d70-4ff1-8b85-c2a12af307b7,DEXTROSE 50% 500ml BOTTLE,drugs.csv,1.00,
init.4338594c-3b41-4834-bfca-706ebe317efc,DEXTROSE 500ml BOTTLE,drugs.csv,1.00,
init.f22920cb-bdb5-4b2a-a626-dcfd04c5d25b,DILTIAZEM 5mg/ml INJ 25ml,drugs.csv,1.00,
init.f2e8d006-e681-49b7-b536-cca995db6eda,DOBUTAMINE 12.5mg/ml INJ,drugs.csv,1.00,
init.08bad8bb-f41a-4746-a1ea-5a82face16b3,DOPAMINE 40mg/ml INJ,drugs.csv,1.00,
init.c2357ca1-a872-451c-bf6d-29c4337a2c0c,ESOMEPRAZOLE 40mg,drugs.csv,1.00,
init.32eac53f-1476-46f6-aebc-a44483067804,GLYCERYL TRINITRATE 0.5mg TAB,drugs.csv,1.00,
init.35030dbf-2ade-4ef7-b74e-32735c87f7f3,HYDRALAZINE 20mg/ml INJ,drugs.csv,1.00,
init.62722bdb-67e5-4397-9148-c6d3e1074cba,HYDRALAZINE 25mg TAB,drugs.csv,1.00,
init.e5953315-54f4-4752-b753-ef4d8a861c64,LIDOCAINE 2% INJ,drugs.csv,1.00,
init.cff587b2-e569-4e94-954d-d82afce74b71,MAGNESIUM SULPHATE 4g/100ml INJ,drugs.csv,1.00,
init.d14bd793-8855-49ce-8b21-9738b3fd513b,NALOXONE 20mg/ml,drugs.csv,1.00,
init.4e7c8b0c-58c3-43ad-89d6-d4aeeb7e2787,NIMODIPINE 60mg TAB,drugs.csv,1.00,
init.1a232162-a595-460d-9ca6-c110e3ee1589,NITROGLYCERIN 1mg/ml INJ,drugs.csv,1.00,
init.73d1f767-72bc-4d08-8e38-959d06fccfd8,PHENYLEPHRINE 10mg/ml INJ,drugs.csv,1.00,
init.ae7735af-49cf-4018-8f27-f20daedf7286,SALBUTAMOL 2.5mg AND IPRATROPIUM BROMIDE 500mcg,drugs.csv,1.00,
init.ae0415c6-c5f0-49c0-b290-534347a9f3bd,SODIUM BICARBONATE 8.4% INJ,drugs.csv,1.00,
init.6c9874f8-d2e2-4187-a055-dd1435dd1dc6,SODIUM NITROPRUSSIDE 25mg/ml,drugs.csv,1.00,
init.cfd7e658-0157-419c-aa11-2417470cd88b,SILDENAFIL 20mg TAB,drugs.csv,1.00,
init.3df3f338-9a68-4bde-b044-776b573ce9ca,"STREPTOKINASE 250,000",drugs.csv,1.00,
init.9c50d70e-8246-402a-8d3c-2ae30a3ce831,"STREPTOKINASE 500,000",drugs.csv,1.00,
init.2137b60e-cf2b-4831-b2ee-1109a5da69d6,"STREPTOKINASE 750,000",drugs.csv,1.00,
init.a7f29f30-1798-4598-b465-5143800c12a0,ATROPINE 1mg/ml,drugs.csv,1.00,
init.d3b18643-1642-451b-9399-128efc5a8df1,LISINOPRIL 15mg TAB,drugs.csv,1.00,
init.3a2b3a40-c357-4554-bf1d-f64dd25d0fa3,FLUCLOXACILLIN 125mg/5ml SYR,drugs.csv,1.00,
init.6a3bb7f7-cfd5-4580-83a0-c1db69620476,ETAMSYLATE 250mg INJ,drugs.csv,1.00,
init.a74c8634-f2d9-47e9-90be-eeedb1e60070,PROMETHAZINE 5mg/5ml SYRUP,drugs.csv,1.00,
init.28009d02-e3b6-4136-9c03-aa3c90ae55a8,TRANEXAMIC ACID 250mg,drugs.csv,1.00,
init.f1b99f5f-faea-460f-b006-8a6cfffe9420,AMINOSIDINE 125mg/5ml SYRUP,drugs.csv,1.00,
init.2d69c849-beb1-4036-a5c0-e8963afd2381,COMPOUNDING SYRUP 30ml,drugs.csv,1.00,
init.a6d20112-a295-4851-aaaf-16e885725ea4,GEMCITABINE 1000mg,drugs.csv,1.00,
init.d6fd9d3b-241e-4405-a2c6-8f2fdc06f835,GEMCITABINE 200mg,drugs.csv,1.00,
init.c27b58ab-eff1-4feb-bebe-69c35d5da301,OLANZAPINE 15mg,drugs.csv,1.00,
init.dabf36cb-dd9a-4542-a8ef-874c1ee5be4a,EMTRICITABINE 200mg AND RIPLIVIRINE 25mg AND TENOFOVIR 245mg(FTC 200mg AND RPV 25mg AND TDF 245mg),drugs.csv,1.00,
init.c1b5ba7f-2a6a-4b17-b36a-135786f8033d,10cc (10ml) SYRINGE,drugs.csv,1.00,
init.2f7a2187-23f3-49ae-8f6b-8ae7ea8ad182,1cc (1ml) SYRINGE with Needle (For Insulin),drugs.csv,1.00,
init.272c20f2-e961-45a0-9eb3-bb4e5336e82b,2cc (2ml) SYRINGE,drugs.csv,1.00,
init.77ac9781-789f-4f1e-b75b-779ae88f449e,5cc (5ml) SYRINGE,drugs.csv,1.00,
init.5de53209-07e3-44af-8ea6-745abb177179,GLOVES medium size,drugs.csv,1.00,
init.cd78d2ed-1e91-4050-a009-6c27f7db3807,COTTON WOOL 100 gm,drugs.csv,1.00,
init.4503446f-da7d-46b1-8d8c-858da149bd47,COTTON WOOL 400gm,drugs.csv,1.00,
init.9631d930-41cc-43ab-bb4f-0723c3b0f82c,COTTON WOOL 50 gm,drugs.csv,1.00,
init.7a52f266-800e-4f8b-843b-05ba9955902d,CREPE BANDAGE 2,drugs.csv,1.00,
init.4263c215-ccbe-4bb3-a046-ca721a39912b,CREPE BANDAGE 4,drugs.csv,1.00,
init.de100c5d-58d6-47e1-9274-2387b277d9af,CREPE BANDAGE 6,drugs.csv,1.00,
init.0794bf0e-abc7-4eee-893d-50b3b0bba3b3,PAPER DISPENSING ENVELOPE 1*1000,drugs.csv,1.00,
init.549dc5ed-c4cf-4873-afe7-5c4a6d81b67d,HbA1c CARTRIDGE (SIEMENS DCA ADVANTAGE),drugs.csv,1.00,
init.295123a2-75d2-4163-b30b-9ad268427f37,HbA1c CARTRIDGE A1C NOW,drugs.csv,1.00,
init.853abcce-de6e-4870-a470-6b8f39c60b35,I-stat CREATININE CARTRIDGE (Abbott),drugs.csv,1.00,
init.d912e862-3c7c-48f5-9dec-a7d617392837,IV CANNULA (BRANULA) G16,drugs.csv,1.00,
init.d77cbd9d-a7f7-470b-8023-267a69c463d9,IV CANNULA (BRANULA) G18,drugs.csv,1.00,
init.5c6ce830-073f-42e1-b3f0-0b32c7517531,IV CANNULA (BRANULA) G20,drugs.csv,1.00,
init.9bc0d2a8-4d1b-43f9-ab33-7a0ddb0f3891,IV CANNULA (BRANULA) G22,drugs.csv,1.00,
init.ed0f26b9-c1e7-483c-b56e-f6367aba23cb,IV CANNULA (BRANULA) G24,drugs.csv,1.00,
init.679a8011-f43e-4996-b2c6-3af1006daaec,MALARIA RAPID DIAGNOSTIC TEST KIT (RDT),drugs.csv,1.00,
init.eecaa09a-0eef-4b51-9ac1-5cc7decb7b71,VDRL TEST KIT,drugs.csv,1.00,
init.879e40ce-8aaa-4c88-bebb-1751462516ec,MULTI TEST URINE STRIP,drugs.csv,1.00,
init.83bf4b6e-9d29-4392-bfd3-7198adee6647,PREGNANCY TEST STRIP,drugs.csv,1.00,
init.f6a2d939-a5fa-461a-a388-b2de680818b0,GLUCOSE TEST STRIP (Abbott Optium),drugs.csv,1.00,
init.02a5c15f-cb58-4830-803a-f4a38cb8df6d,NEEDLE G21,drugs.csv,1.00,
init.1508f23a-8965-4c79-ba0c-b472d16af889,NEEDLE G23,drugs.csv,1.00,
init.3d3410da-5b69-48ef-82b6-8cb63a9f38ba,PLASTER OF PARIS 6,drugs.csv,1.00,
init.77a6818f-26b5-4ccd-95b8-b0a7067c6b9e,STRAPPING ZINC OXIDE 2,drugs.csv,1.00,
init.b2752cab-60c5-4a5d-8236-60d862eb000f,STRAPPING ZINC OXIDE 3,drugs.csv,1.00,
init.7365acf2-11e8-4af4-b5c1-1e8d82955ebd,STRAPPING ZINC OXIDE 4,drugs.csv,1.00,
init.a8cd743c-d297-4205-8fe5-b743e3a014ab,SURGICAL BLADE SIZE 23,drugs.csv,1.00,
init.d778d9b6-4c7b-416b-83d1-b94f9a4b3288,SURGICAL BLADE SIZE 24,drugs.csv,1.00,
init.414ae543-e8fd-43c7-a032-b0dcd5c56cf1,SURGICAL GLOVES 6.5,drugs.csv,1.00,
init.1ff1ad68-16bf-45ee-951f-e632662cc19e,SURGICAL GLOVES 7,drugs.csv,1.00,
init.d5de3cac-35a8-4e96-843c-9ff45e4ac13f,SURGICAL GLOVES 7.5,drugs.csv,1.00,
init.f471cf52-421d-4f0a-a561-709579d4b89e,WATER FOR INJECTION 10ml,drugs.csv,1.00,
init.0fc03ff7-940d-4c23-bc67-16b23398a006,GLICLAZIDE 40mg,drugs.csv,1.00,
init.60df69c1-28a7-443e-83d5-74ebe1cea126,GLICLAZIDE 160mg,drugs.csv,1.00,
init.4d90aed0-115b-477a-bf6a-1c26db970ec3,GLIMEPIRIDE 3mg,drugs.csv,1.00,
init.7ad0013e-58cf-401e-8e4c-f3ddf24febb3,COMPOUNDING SYRUP 50ml,drugs.csv,1.00,
init.20e5e321-adc5-4ca5-912d-32252c797a5e,COMPOUNDING SYRUP 60ml,drugs.csv,1.00,
init.2cc257ca-9fa6-4de7-80f5-25e2f7bee989,COMPOUNDING SYRUP 80ml,drugs.csv,1.00,
init.6765a12a-c83d-4734-a273-f3fb25451482,COMPOUNDING SYRUP 100ml,drugs.csv,1.00,
init.2fc1f68c-9939-44d4-b5f4-e064ed4073ca,NEVIRAPINE 100mg,drugs.csv,1.00,
init.68a0a5dd-1e91-43a2-8dce-c6e84a14de04,DARUNAVIR 600mg,drugs.csv,1.00,
init.38fbba9c-4b26-412d-9659-8dd649514d66,ETRAVIRINE 100mg,drugs.csv,1.00,
init.ff9096b6-d86c-403a-9bda-eab02252dbf3,EFAVIRENZ 250mg,drugs.csv,1.00,
init.55e0461f-b28f-42de-a3c6-328d7f17c44b,EFAVIRENZ 350mg,drugs.csv,1.00,
init.81a41a82-fd72-4da4-8d47-edd5672549ce,EFAVIRENZ 400mg,drugs.csv,1.00,
init.fcaf395d-1cda-43f6-9472-1e89f23fc0b7,ADRENALINE 1mg/ml,drugs.csv,1.00,
init.e0672360-a10b-4eaf-92a2-292a3548d9bf,HYOSCINE BUTYLBROMIDE 20mg/ml,drugs.csv,1.00,
init.0d2dc4d6-696a-4839-86c1-98cb4c379e17,ALTEPLASE 50mg,drugs.csv,1.00,
init.7de8bd84-447a-429c-a575-1fed897ea540,AMPICILLIN AND CLOXACILLIN NEONATAL DROPS 60mg/30mg,drugs.csv,1.00,
init.66dbed8f-abd2-4fce-bc4e-48e86d09a934,ARTESUNATE 60mg,drugs.csv,1.00,
init.6311473c-4b36-48dd-826d-1bf2f51baa5a,BOSENTAN 62.5mg,drugs.csv,1.00,
init.10bcacc9-6a2b-43b4-be1e-3d1b0ec1a62b,ESMOLOL 100mg/10ml,drugs.csv,1.00,
init.e7946d58-de86-41f4-8d0c-f686d7f11445,LABETALOL 100mg,drugs.csv,1.00,
init.ceb8b194-44ef-40bb-983a-4728f941abc6,METOLAZONE 5mg,drugs.csv,1.00,
init.2790f6d2-85af-474c-897a-1401b145a7f3,MILRINONE 10mg/ml,drugs.csv,1.00,
init.22def230-ce59-4aa5-9d4f-5a3ab2163359,MINOXIDIL 2.5mg,drugs.csv,1.00,
init.da222087-75a4-441d-8a87-af0e10f909f6,ONDANSETRON 4mg,drugs.csv,1.00,
init.c54af328-233a-4de2-b543-7e9fa8119219,RIVAROXABAN 15mg,drugs.csv,1.00,
init.a24d3b9d-222f-4ef4-b9f1-7378c1287de0,RIVAROXABAN 20mg,drugs.csv,1.00,
init.eeeb9423-9f39-4438-aa3e-2913d0745763,VASOPRESSIN 20 units/ml,drugs.csv,1.00,
init.ca55ca6f-4abe-41cd-b4be-e03c5641d2da,BETAMETHASONE 15 g,drugs.csv,1.00,
init.28b0619a-e553-423d-830c-bd86e3aa701c,TRETINOIN 20 g,drugs.csv,1.00,
init.d3ef99a9-53d0-4f82-8822-e3413a4a6827,CLOBETASOL OINTMENT 10 g,drugs.csv,1.00,
init.962b30cf-897f-4d51-a66b-dca5fa61e0cc,CLOBETASOL CREAM 10 g,drugs.csv,1.00,
init.eadc6e15-24db-4176-9b96-42dbc1666590,TRIAMCINALONE CREAM 15 g,drugs.csv,1.00,
init.91e5eb1b-4d16-47f1-9c9f-a3e897415f11,SODIUM CHLORIDE 30g/100ml,drugs.csv,1.00,
init.7521df29-3c4d-4b45-9494-400430d4ff59,BOTTLE PLASTIC 120ml AMBER,drugs.csv,1.00,
init.fd4e489d-339f-491b-bf23-39e48b64216e,BOTTLE PLASTIC 120ml REGULAR,drugs.csv,1.00,
init.ac3e107e-a233-4a4e-9acc-6b963f4547e9,BOTTLE PLASTIC 60ml REGULAR,drugs.csv,1.00,
init.e4ef489e-0ff1-4876-aab6-0d198cadb6b1,ABC 120 and 3TC 60,drugs.csv,1.00,
init.98b0baf6-0b73-4429-9264-6233684b0969,DOLUTEGRAVIR 50mg,drugs.csv,1.00,
init.492de98c-86c6-4fd8-af89-325448f12ed9,EFAVIRENZ 300mg,drugs.csv,1.00,
init.384f3d75-96bf-4ca5-afa2-e8e3ff8cf8d2,TELMISARTAN 40mg,drugs.csv,1.00,
init.ef9e84cb-8891-4f97-8984-1dd10c29049a,TELMISARTAN 80mg,drugs.csv,1.00,
init.d04e2c38-16cb-4f40-b31d-48d05a000a91,CANDESARTAN 4mg,drugs.csv,1.00,
init.a7f6206d-a46b-4bd8-ad9d-d062495d4dfa,CANDESARTAN 8mg,drugs.csv,1.00,
init.eb4a06da-be10-4824-b0aa-cd7baac47606,AMOXICILLIN 125mg/5ml(60ml) SUSP,drugs.csv,1.00,
init.013cd715-7471-4270-b251-3d461812bb73,COCO BUTTER 8mg/PHENYLEPRINE CHLODRIDE 5mg,drugs.csv,1.00,
init.5d3d5582-0418-49cb-9cc4-94662162b988,BOTTLE PLASTIC 100ml,drugs.csv,1.00,
init.ec1150ea-2d1e-423f-ba6b-333566a9473f,CALCIUM GLUCONATE 10g/100ml,drugs.csv,1.00,
init.072e2419-cc6d-4830-b4f5-95f4f43e592a,CALCIUM GLUCONATE 20g/100ml,drugs.csv,1.00,
init.324ccf52-a641-4f1b-a36a-562b58482714,CARVEDINOL 50ml,drugs.csv,1.00,
init.d1152e45-6bdd-4488-a042-cc2cb1753750,DIGOXIN 0.25mg INJ,drugs.csv,1.00,
init.1a162965-6d35-471a-a5eb-b3fd8a821ad5,DILTIAZEM 250mcg/ml (25ml),drugs.csv,1.00,
init.2d9db0f7-e0bf-46b0-b5bd-cbb509b454d5,FLUCONAZOLE 125mg/5ml,drugs.csv,1.00,
init.e71d06e4-5b70-40c6-ac45-c05e919579ad,LEVOTHYROXINE SYRUP 50ml,drugs.csv,1.00,
init.9c470f89-792a-46ec-a453-f9c45ed80771,PARACETAMOL 500mg/CHLORZOXAZONE 100mg,drugs.csv,1.00,
init.cab28790-2550-40fa-aadb-58ec964b97fb,NORADRENALINE 8mg/4ml,drugs.csv,1.00,
init.bb6763f8-6b9e-4d38-87db-d64b061bc6e0,ONDANSETRON 5mg,drugs.csv,1.00,
init.a64d3aab-afda-4392-b30e-978466c32e7f,PARACETAMOL 300mg/CHLORZOXAZONE 250mg,drugs.csv,1.00,
init.4a5bb330-358e-4ca3-b8ba-89ffdfb03f37,PROMETHAZINE SYRUP 60ml,drugs.csv,1.00,
init.889bb573-8362-405c-8808-824e0ba9e781,SILDENAFIL SYRUP 50ml,drugs.csv,1.00,
init.18e86e1f-92b8-40cd-8266-0df0ab0a4a50,DOLUTEGRAVIR 50mg AND LAMIVUDINE 300mg AND TENOFOVIR 300mg,drugs.csv,1.00,
init.ea501f4e-cbc5-4942-b9c8-0ac415929f08,TDF 300 AND 3TC 300 AND EFV 400,drugs.csv,1.00,
init.e78843da-fdb6-446d-8e99-873c278b3540,ABC 600 and 3TC 300,drugs.csv,1.00,
init.ddefd319-fb5d-4c0e-a125-ff7bdb6fe44f,LOPINAVIR 40mg AND RITONAVIR 10mg,drugs.csv,1.00,
init.c2c66e99-1345-4fdb-b101-89b2e43d40e5,RALTEGRAVIR 100mg,drugs.csv,1.00,
init.67f62fd8-d43e-4c62-a18a-e8bb5a46fc5c,RALTEGRAVIR 25mg,drugs.csv,1.00,
init.687d2b97-3336-4843-946e-597a31380746,DARUNAVIR 75mg,drugs.csv,1.00,
init.9732900a-4b81-4522-af1c-7d25ae6aad0a,DARUNAVIR 150mg,drugs.csv,1.00,
init.3115e231-1077-4488-a7d5-83167263b9a2,LOPINAVIR 100 mg AND RITONAVIR 25mg,drugs.csv,1.00,
init.644f1d3a-1c22-433a-a437-0fb4110721ce,DOLUTEGRAVIR 10mg,drugs.csv,1.00,
init.aeaed1af-5b0d-401e-a32a-e96cf4072ab5,ISONIAZID 300mg AND RIFAPENTINE 300mg,drugs.csv,1.00,
init.e5e24e6d-e6b0-4c81-8f7b-0e366df29426,RIFAMPICIN 70mg AND ISONIAZID 50mg,drugs.csv,1.00,
init.2a07d1c2-75f3-4cdd-94a1-b4e9bd07b855,HYDROCLOTHIAZIDE 12.5mg,drugs.csv,1.00,
init.7f516314-327f-468c-9492-5cff2236ed03,AMLODIPINE 5mg AND LOSARTAN 50mg,drugs.csv,1.00,
init.d79555e9-62f5-4b9e-859c-a520cb642250,DAPAGLIFLOZIN 10mg,drugs.csv,1.00,
init.8b9b7f9e-8103-425a-9dc3-41c7a1a74057,ROSUVASTATIN 10mg,drugs.csv,1.00,
init.e476d21f-911d-4d2e-8c37-1ce76e48930f,LOSARTAN 50mg/HYDROCHLOROTHIAZIDE 12.5mg,drugs.csv,1.00,
init.27ae259a-d677-44a3-9d06-ecbd396d3a73,METROPOLOL TARTRATE 25mg,drugs.csv,1.00,
init.51669635-73b7-41fe-b215-33eefc9105f3,CABOTEGRAVIR 600mg AND RILPIVIRINE 900mg,drugs.csv,1.00,
init.a55fcb21-8ca5-4369-9807-2ce212e00377,TAF 25mg/3TC 300mg/DTG 50mg,drugs.csv,1.00,
init.8fa45026-3de4-42dc-ad95-689f64c5286b,TENOFOVIR ALAFENAMIDE 25mg,drugs.csv,1.00,
init.41e57216-3b62-49b1-b0b9-9a9b7de3361d,CABOTEGRAVIR 30mg AND RILPIVIRINE 25mg,drugs.csv,1.00,
init.fa31b148-7bd4-42da-acc8-2acb802e1ca3,DARUNAVIR 400MG AND RITONAVIR 50MG,drugs.csv,1.00,
init.ed267d22-f1a0-4bd0-8c28-d466b04d17c0,ABACAVIR 60MG AND LAMIVUDINE 30MG AND DOLUTEGRAVIR 5MG,drugs.csv,1.00,
init.c3552c6e-0719-4553-8f46-ea69421a377c,MELOXICAM 15MG,drugs.csv,1.00,
init.f7f651b5-f597-4a25-9622-6a93ce5f04fa,LENACAPAVIR,drugs.csv,1.00,
init.a50d60bc-b7e0-5f99-9389-a36656514411,AMOXYCILLIN/CLAVULANIC POTASSIUM TABS (875+125MG) 1G,kesses_kemsa_stocks_received_latest.csv,234.00,
init.58e57566-8903-5015-ab8f-e1b4950c32f1,FERROUS SULP/FOLIC ACID TABLETS 200MG/400MG BLISTER PACK,kesses_kemsa_stocks_received_latest.csv,106.00,
init.7fda06be-e743-59bb-9182-dece9e1c4a38,NIFEDIPINE TABLETS S/R,kesses_kemsa_stocks_received_latest.csv,85.00,
init.2debf39f-c89e-50c4-b2fc-11856e10df10,DISPENSING ENVELOPE PLASTIC RESELABLE (1X1000),kesses_kemsa_stocks_received_latest.csv,658.00,
init.410dbd44-84c5-5c78-aa3b-43868a2f6c03,IV CANNULAES - 16G,kesses_kemsa_stocks_received_latest.csv,20.00,
init.5668b8f5-3c40-5204-811f-986e4922fa83,IV CANNULAES - 18G,kesses_kemsa_stocks_received_latest.csv,20.00,
init.f5986cde-40cb-58cc-8693-949347a14352,IV CANNULAES - 20G,kesses_kemsa_stocks_received_latest.csv,20.00,
init.e98b7cce-02ac-54fe-80b6-54d65d808899,IV CANNULAES - 22G,kesses_kemsa_stocks_received_latest.csv,20.00,
init.f5f0b6ac-7b75-5ea0-9e07-d778e12963e8,IV CANNULAES - 24G,kesses_kemsa_stocks_received_latest.csv,20.00,
init.7d30d3ea-cba7-5f82-8a49-32d4d6b5b455,SYRINGES 2 PC - 10ML RUP WITH G21 NEEDLES,kesses_kemsa_stocks_received_latest.csv,950.00,
init.a92a544c-58fb-5318-bd58-eb375b18e86e,SYRINGES 2PC-20ML WITH G21 NEEDLE,kesses_kemsa_stocks_received_latest.csv,1250.00,
init.eb1d6e09-6dbe-5e0d-8fe8-fc7555b72904,SYRINGES A.D- FIXED DOSE OF 0.5 ML WITH 23 G NEEDLE,kesses_kemsa_stocks_received_latest.csv,1450.00,
init.8a0d8483-fe98-5e9c-9295-715668561099,ZINC OXIDE STRAPPING-SIZE 7.5CM X 4.5M,kesses_kemsa_stocks_received_latest.csv,90.00,
init.229e8f00-cee0-5a37-87ca-25484ab21a9d,CATHETERS FOLLEY'S 30ML- SIZE 16 FG Z WAY (SILICONE COATED),kesses_kemsa_stocks_received_latest.csv,53.00,
init.861a58c8-9a4f-5417-a26a-c79e5fc4e7ba,CATHETER'S FOLLEY'S 30ML- SIZE 18 FG Z WAY (SILICONE COATED),kesses_kemsa_stocks_received_latest.csv,53.00,
init.ff015609-4458-501b-b63b-57519787d118,"COTTON WOOL ABSORB WHITE- 400 GMS BP, ROLL",kesses_kemsa_stocks_received_latest.csv,330.00,
init.a3d22333-1784-5421-8086-76c96bd2a1b4,HELICOBACTER PYLORI RAPID KIT(ANTIGEN),kesses_kemsa_stocks_received_latest.csv,2300.00,
init.b873c3a9-2803-5b27-8e8b-94b878d48522,"SUTURE POLYGLACTIN NO. 20, 75CM ON 40MM % C RCN",kesses_kemsa_stocks_received_latest.csv,2300.00,
init.08775919-7aba-559e-893a-36e62556c90d,CO-PACK OF 4 SATCHETS OF LOW OSMOLARITY ORS (500ML FORMULATION)+10 TABLETS OF DISPERSIBLE ZINC SULPHATE TABLETS 20MG,kesses_kemsa_stocks_received_latest.csv,67.00,
init.50fc62d9-dea7-596b-9174-b9f7f0ba613a,INSULIN SYRINGES (100) 1ML WITH NEEDLE 031 X 6MM,kesses_kemsa_stocks_received_latest.csv,2000.00,
init.a618552b-d7d5-5eb6-b188-9c2746b81063,SYRINGES2PC-5ML RUP WITH G 21 NEEDLE X 112,kesses_kemsa_stocks_received_latest.csv,740.00,
init.2581151a-27ff-5837-85ca-d042528e10ac,SYRINGES 2PC-2ML RUP WITH G 23 NEEDLE X 1,kesses_kemsa_stocks_received_latest.csv,635.00,
init.4d609db9-4193-5cd4-873b-30408c427f9a,AUTOCLAVING TAPE. ½ (19MM X 50M),kesses_kemsa_stocks_received_latest.csv,320.00,
init.7e185392-d5d8-542b-ba5a-fe4e8e9d40dc,BANDAGES COTTON WOVEN BP-5CM 4.5,kesses_kemsa_stocks_received_latest.csv,216.00,
init.12591bad-659f-5d81-9006-9c9954ab3beb,MICRO PIPPETTE TIPS (YELLOW120 UL-20UL - 200 UL,kesses_kemsa_stocks_received_latest.csv,730.00,
init.84600d28-7c8d-56db-adcb-3f713b6ddac5,SUTURE NYLON NO 203/8 CIRCLE 45MM 100CM RCN,kesses_kemsa_stocks_received_latest.csv,1300.00,
init.ef4c902c-e715-5a96-bd91-2f2c80c18164,SYRINGES A D. FIXED DOSE OF 005 ML WITH 27 G NEEDLE FOR B.C.G,kesses_kemsa_stocks_received_latest.csv,1550.00,
init.11cb8c54-42b8-520e-b1aa-0eeb9ffbdd08,"URINE BAGS GRAD, WITH INLETSOUTLET 2000ML5",kesses_kemsa_stocks_received_latest.csv,31.00,
init.5786f7f8-2b17-538f-8bef-d831c067b1d9,WATER BASED LUBRICANT(STERILE) 42-500M,kesses_kemsa_stocks_received_latest.csv,67.00,
init.aeb0f212-6268-5858-9ab0-aa7e645f33ce,COTTON GAUZE PLAIN LAWUN ABSORB-910MX91M 1500G BP,kesses_kemsa_stocks_received_latest.csv,1800.00,
init.bc3e4b88-4c5b-5a12-86f0-aa7ac2c84931,PARACETAMOL SUSPENSION 120MG/5ML-60ML 60ML BOTTLE,kesses_kemsa_stocks_received_latest.csv,28.00,
init.9564ed37-bca9-56c2-b504-6b24fe76da1e,METHYLATED SPIRIT/ETHANL DENATURED (ALCOHOL CONTENT 94%-96%),kesses_kemsa_stocks_received_latest.csv,1000.00,
init.31e03bda-8740-5733-8365-357c5dce39fb,MALARIA RAPID DIAGNOSTIC TESTS,kesses_kemsa_stocks_received_latest.csv,733.70,
init.f59d0e85-5bdf-5433-8663-f5c1a863e264,ETONOGESTREL IMPLANT 68MG WITH PRELOADED TROCAR,kesses_kemsa_stocks_received_latest.csv,8.50,
init.850c4ca1-9287-5f09-81b1-572feb103d2c,LEVONORGESTREL 75MG IMPLANT WITH DISPOSABLE TROCAR(S YEARS),kesses_kemsa_stocks_received_latest.csv,1098.00,
init.e0f4790c-4e66-59b9-98a0-42a65d97bdf7,LEVONORGESTREL IMPLANT - 75MG WITH DISP TROCAR (3 YEARS),kesses_kemsa_stocks_received_latest.csv,6.70,
init.d9ced7c2-a71f-51fa-bea2-d1f5cfebdb67,CARBETOCIN INJECTION 100 MICROGRAM 5ML (HEAT STABLE),kesses_kemsa_stocks_received_latest.csv,96.00,
init.f51022a4-3bc9-5267-8961-7bbe81328894,DOXYCYCLINE CAPSULES 100MG,kesses_kemsa_stocks_received_latest.csv,200.00,
init.8b7db1dc-270c-5db9-a240-814254dafcda,GENTAMICIN INJECTION - 40MG/ML 2MLAMP,kesses_kemsa_stocks_received_latest.csv,12.00,
init.cbc6386b-bd61-5220-bd00-5a1b36407e93,FLU CLOXACILLIN 125MG/5ML SUSPENSION 100 ML,kesses_kemsa_stocks_received_latest.csv,73.00,
init.aabe978c-cefc-53e7-85ff-c45b29b01634,SALBUTAMOL+BECLOMETHASONE INHALATION (100+50) MICROGRAMS 200 DOSES,kesses_kemsa_stocks_received_latest.csv,417.00,
init.ee91f692-eb80-50b0-a31c-e073031dadd6,IBUPROFEN TABLETS FIC 200MG BLISTER PACK,kesses_kemsa_stocks_received_latest.csv,78.00,
init.fc063e29-861d-580d-826e-31a7b5d916f7,CEFTRIAXONE INJECTION IM/IV - 10,kesses_kemsa_stocks_received_latest.csv,49.00,
init.47cdde85-b833-5c12-b6ef-6e4ff868421b,PARACETAMOL TABLETS 500MG,kesses_kemsa_stocks_received_latest.csv,97.00,
init.ecd2cd72-3dbb-54e2-816b-eace2181ce19,RABIES VACCINE PURIFIED VEROC RABBIES VACCINE PURIFIED VEROCEL/HUMAN DIPLOID SHOULD WHO PREQUALIFIED,kesses_kemsa_stocks_received_latest.csv,1160.00,
init.f8b276fe-f462-5fa2-b613-b245bf176f3c,AUTOCLAVING TAPE - ¾ ( 19MM X 150M),kesses_non_pharmaceuticals.csv,320.00,
init.d9b21b46-678a-5816-993b-505e16d48b27,OB KIT –BRAIDED COATED POLYGLACTIN/POLYGLYCOLIC 910 NO 1DOUBLE ARM HEAVY ½ CIRCLE ROUND BODY AND 1/2TAPER CUTTING 40MM 180 CM PLUS 3/0 POLIGLECAPRONE 25MM UNDYED 3/8 CIRCLE 45- 70CM CUTTING,kesses_non_pharmaceuticals.csv,650.00,
init.dd3b1e34-7930-5304-a808-20990a012794,MALE CONDOMS,kesses_non_pharmaceuticals.csv,0.00,
init.df2affff-8c7b-520e-b5ad-2a9f0ff49add,METHYLATED SPIRIT/ETHANOL DENATURED(ALCOHOL CONTENT 94-96%),kesses_non_pharmaceuticals.csv,0.00,
init.9e8e8fcc-aa8a-59fb-83d2-997851c192a2,HYPODERMIC NEEDLES,kesses_non_pharmaceuticals.csv,0.00,
init.b93b4166-8317-5e54-ae8f-3f09e2b5a891,ZINC OXIDE 2''X4'',kesses_non_pharmaceuticals.csv,0.00,
init.1bc56cd5-59d6-5725-93dc-b7451c9db4af,ZINC OXIDE 6'',kesses_non_pharmaceuticals.csv,0.00,
init.071b7a42-7aeb-5963-8529-bfd4cedf8150,ZINC OXIDE 3'',kesses_non_pharmaceuticals.csv,0.00,
init.e93c15da-1efd-52c3-bd45-d96efea4143c,ABSORBENT GAUZE BANDAGE  5CMX4.5M,kesses_non_pharmaceuticals.csv,0.00,
init.072467ee-e086-5ae8-bacb-36dca82627e1,SURE LUBE,kesses_non_pharmaceuticals.csv,0.00,
init.3f895620-9252-59bf-927b-8d7183428c48,SODIUM HYPOCHLORIDE 5-5.6%W/V,kesses_non_pharmaceuticals.csv,0.00,
init.0698b948-cce8-5542-aa84-759b96d71d93,CHLORHEXIDINE 5% W/V,kesses_non_pharmaceuticals.csv,0.00,
init.b4db9a90-8ecc-5ea9-bd73-395513652dcc,CONDOM DISPENSER SIZE(310X135X612),kesses_non_pharmaceuticals.csv,0.00,
init.9e678705-f6b8-5dfd-aa5b-18612df0f37b,OXYGENATED MASK PAEDS,kesses_non_pharmaceuticals.csv,0.00,
init.5d62a78f-65e8-5362-8d07-3cd2954e8355,NASAL OXYGEN CANNULA PAED,kesses_non_pharmaceuticals.csv,0.00,
init.637bd1fd-45d6-5c79-ac8e-c4c92dc4b39d,NASAL OXYGEN CANNULA ADULT,kesses_non_pharmaceuticals.csv,0.00,
init.7f48e690-ebaa-5c70-b4cb-9161d8af4687,NASAL OXYGEN CANNULA CHILD,kesses_non_pharmaceuticals.csv,0.00,
init.3bd39320-3a02-5601-88ab-09e6b97d5b49,ZERO STAT SPACER,kesses_non_pharmaceuticals.csv,0.00,
init.bc6f0363-ffcc-509e-846f-c7a9c766c82e,GAUZE BANDAGE 6''/15CMX4YD'S,kesses_non_pharmaceuticals.csv,0.00,
init.dad7818d-93c9-5412-ab54-da25dcd3be99,GAUZE BANDAGE 4''/10CMX4YD'S,kesses_non_pharmaceuticals.csv,0.00,
init.b4c39ab1-e00b-576d-9766-45f805001355,GAUZE BANDAGE 7.5''CMX4YD'S,kesses_non_pharmaceuticals.csv,0.00,
init.613f0346-7cf1-56d2-a423-4ecea56e7ca2,ALCOHOL PAD  6.0CM X 3.0CM,kesses_non_pharmaceuticals.csv,0.00,
init.943834cd-a4c3-5169-b594-9db70a2a7671,FOREHEAD THERMOMETER,kesses_non_pharmaceuticals.csv,0.00,
init.cc51ba72-4f12-572e-8e80-fed5d1365487,INTERNAL LABEL (1PKTX200PCS),kesses_non_pharmaceuticals.csv,0.00,
init.17e12246-554a-5c9c-8593-09c383e28a6e,SURGICAL MASKS,kesses_non_pharmaceuticals.csv,0.00,
init.7aa79609-2c81-5a10-aa08-9f66a95311c0,MATERNITY PADS,kesses_non_pharmaceuticals.csv,0.00,
init.31392d2f-68d6-5af3-9f47-494ea39c9a87,INFUSION GIVING SET,kesses_non_pharmaceuticals.csv,0.00,
init.23d62b40-1c41-517b-a918-a6a3588ba1b5,RED   BIN LINERS,kesses_non_pharmaceuticals.csv,0.00,
init.3399e318-408c-5168-b038-72c24fa9b04c,RITUXIMAB SOLUTION FOR INJECTION 10MG/ML10 ML VIAL,kesses_oncology.csv,21300.00,
init.370e8794-88e2-5e00-a9f1-1eac03c30cc8,RITUXIMAB SOLUTION FOR INJECTION 10 MG/ML 50 ML VIAL (500MG),kesses_oncology.csv,52800.00,
init.f1c0e7fc-713f-596f-bdfd-efa6be3c4a3c,TRASTUZUMAB INJECTION 600MG (SUBCUTANEOUS),kesses_oncology.csv,30800.00,
init.16472e00-0bce-5614-a285-d7a76b53435c,ABIRATERONE TABLET 250MG,kesses_pharmaceuticals_stock.csv,495.00,
init.32574131-e228-5c8a-b848-a964ef006d43,ACTIVATED CHARCOAL,kesses_pharmaceuticals_stock.csv,0.00,
init.8709ba08-2ce7-5250-bd9e-ccd101a22022,ARTESUNATE 60MG INJ,kesses_pharmaceuticals_stock.csv,0.00,
init.6a2659a7-708f-51fc-a0ba-de6899ad2ae4,DAPAGLIFOZIN 10MG TABLETS,kesses_pharmaceuticals_stock.csv,54.00,
init.544867d6-5465-5b6b-82cc-64f1fe8e1536,FLAVONOIDIC DIOSMIN/HESPERIDIN 450MG/50MG TABLETS,kesses_pharmaceuticals_stock.csv,66.00,
init.e26b3025-c038-5c45-b1a2-98898c2147a5,GENTAMICIN INJECTION - 80MG/ML 2ML AMP,kesses_pharmaceuticals_stock.csv,0.00,
init.185f7670-1aef-5c21-b283-19b93bbc403d,HEPARIN SODIUM INJECTION 5000 IU/ML 5ML,kesses_pharmaceuticals_stock.csv,1440.00,
init.88982bd5-6acc-5845-9d32-a2786df9911a,INDAPAMIDE 1.5MG SLOW RELEASE TABLETS,kesses_pharmaceuticals_stock.csv,51.60,
init.37b9f611-82a5-56bc-b38a-533642772f43,INDAPAMIDE + AMLODIPINE 1.5MG/10MG TABLETS,kesses_pharmaceuticals_stock.csv,70.00,
init.669792ff-6735-56ad-b12e-af95881d9b35,INDAPAMIDE + AMLODIPINE 1.5MG/5MG TABLETS,kesses_pharmaceuticals_stock.csv,64.00,
init.311a09a2-bc34-5557-bd4e-819ad4b36a74,INDAPAMIDE + PERINDOPRIL 1.25MG/5MG TABLETS,kesses_pharmaceuticals_stock.csv,68.00,
init.9f45fd0d-b8b7-5edc-ac32-48d38332e315,INDAPAMIDE + PERINDOPRIL 2.5MG/10MG TABLETS,kesses_pharmaceuticals_stock.csv,86.00,
init.d14a9051-2337-5783-9f8a-5d4d94767668,LEVETIRACETAM 250MG TABLETS,kesses_pharmaceuticals_stock.csv,36.00,
init.20d141d5-d4ed-50f0-9f2d-78d7ab233932,LEVETIRACETAM 500MG TABLETS,kesses_pharmaceuticals_stock.csv,54.00,
init.d9d71b24-8910-5f68-aa8f-c5e9fe48c496,NORADRENALINE INJECTION 2MG/2ML-AMPOULE,kesses_pharmaceuticals_stock.csv,468.00,
init.a8fc77de-026f-5ab2-a2a2-14f26895db61,PALIPERIDONE 100 MG INJ,kesses_pharmaceuticals_stock.csv,16800.00,
init.e5498c36-ebbe-51a4-87ae-07ef214c647d,PALIPERIDONE 150 MG INJ,kesses_pharmaceuticals_stock.csv,16800.00,
init.d9d36670-4c06-5794-98a1-409801256215,PALIPERIDONE 75 MG INJ,kesses_pharmaceuticals_stock.csv,16800.00,
init.a753eda8-1c28-506b-ba77-2dbf03c27f23,PERINDOPRIL + AMLODIPINE 10MG/10MG TABLETS,kesses_pharmaceuticals_stock.csv,86.00,
init.3e2fbf24-7428-5bd2-a34b-7f6d778b2559,PERINDOPRIL + INDAPAMIDE + AMLODIPINE 10MG/2.5MG/10MG TABLETS,kesses_pharmaceuticals_stock.csv,94.00,
init.208dd4b6-8db9-46f0-b695-194f1e339af0,QUETIAPINE 100MG TABLETS,kesses_pharmaceuticals_stock.csv,60.00,
init.e0d2fe97-4932-4fbf-83ba-741e5b780c45,QUETIAPINE 50MG TABLETS,kesses_pharmaceuticals_stock.csv,54.80,
init.62e60c18-826a-5c7f-b43b-823f3066e2da,QUETIAPINE TABLET (E/R) 300MG,kesses_pharmaceuticals_stock.csv,84.00,
init.fec06b20-0d0b-5655-b292-324facb25f14,SALMETEROL + FLUTICASONE 25MCG/125MCG SYCOBREATHE,kesses_pharmaceuticals_stock.csv,15.50,
init.ba8692f2-76a5-4206-b356-1fc8278963b8,SERTRALINE 50MG TABLETS,kesses_pharmaceuticals_stock.csv,58.00,
init.e0d47cb8-037a-5a7c-a670-8d24637da817,Injection B i,kesses_pharmaceuticals_stock.csv,1500.00,
init.9bf453ea-5fbb-4eb5-aa91-3f1bc6af2ecc,BIMATOPROST 0.01 % EYE DROPS,kesses_pharmaceuticals_stock.csv,1200.00,
init.dcdec9a8-5d20-5636-8bd7-8ac471bb0411,BIMATOPROST 0.03 % + TIMOLOL 0.5% EYE DROPS,kesses_pharmaceuticals_stock.csv,1620.00,
init.992fd29f-fbd6-5cd4-bba9-f7e68ff7537f,ESOMEPRAZOLE 40MG TABLETS,kesses_pharmaceuticals_stock.csv,720.00,
init.fe7d4828-b514-4bcc-a275-4217f2c0eaaa,H.PYLORI ERADICATION KIT (ESOMEPRAZOLE 20MG/ CLARITHROMYCIN 500MG/ AMOXYCILLIN 1G),kesses_pharmaceuticals_stock.csv,257.14,
init.dbe13d8e-2c22-5700-ad88-6af3fd15663c,LOSARTAN POTASSIUM 50MG + AMLODIPINE 5MG + HYDROCHLORTHIAZIDE 12.5MG TABLETS,kesses_pharmaceuticals_stock.csv,38.00,
init.52d9444e-36fd-591b-b16b-90662ddfb5aa,LOSARTAN POTASSIUM 50MG + AMLODIPINE 5MG TABLETS,kesses_pharmaceuticals_stock.csv,48.00,
init.97c48a13-8aa8-5897-86ee-7cbdb20ca134,METHYLCOBALAMIN NASAL SRAY 250 MCG SPRAY,kesses_pharmaceuticals_stock.csv,1920.00,
init.6a099e38-1440-5d90-b647-57c3cb0b9f0a,NEBIVOLOL 5 MG TABLETS,kesses_pharmaceuticals_stock.csv,1344.00,
init.ebfc52ff-11b3-5d82-a2ec-9cceb4016eaf,OLAPATADINE HYDROCHLORIDE AND MOMATASONE FUROATE NASAL SPRAY 600MCG/25MCG,kesses_pharmaceuticals_stock.csv,19.50,
init.e0894492-f162-43c3-8aa7-5180b8c99de1,PREGABALIN 25MG TABLETS,kesses_pharmaceuticals_stock.csv,540.00,
init.1f7ee209-470b-53d9-b52d-e6ed81dc74cf,SALMETEROL + FLUTICASONE 25MCG/250MCG SYNCOBREATHE,kesses_pharmaceuticals_stock.csv,19.00,
init.65bd8af6-8c09-4c71-9d91-2a2ba45397f3,SITAGLIPTIN 100MG TABLETS,kesses_pharmaceuticals_stock.csv,2052.00,
init.209c0cc4-77f0-5635-b127-d47c0116f5cd,SITAGLIPTIN 50MG + METFORMIN 1000MG TABLETS,kesses_pharmaceuticals_stock.csv,1164.00,
init.1c4f3f6b-5193-52f4-abae-64b11f5111f2,SITAGLIPTIN 50MG + METFORMIN 500MG TABLETS,kesses_pharmaceuticals_stock.csv,1260.00,
init.feeece36-0c2a-4ab6-8a66-aeed7bf40c5f,SITAGLIPTIN 50MG TABLETS,kesses_pharmaceuticals_stock.csv,1224.00,
init.9fbbf2f7-d71f-5bfb-9db2-78ae1c853f85,VALSARTAN + AMLODIPINE + HYDROCHLORTHIAZIDE 160MG/10MG/12.5MG TABLETS,kesses_pharmaceuticals_stock.csv,122.14,
init.1ecd8b29-88bd-5a9a-9792-aa6fba1d4eba,URISEOFULUIN 500MG TABLETS,kesses_pharmaceuticals_stock.csv,0.00,
init.e076c5d9-5c60-5133-a7c1-ca6000448667,URISEOFULUIN 125MG TABLETS,kesses_pharmaceuticals_stock.csv,0.00,
init.81356574-30c1-56a0-987b-b86412e3fac7,BENYL PENICILLIN INJECTION 5 MG,kesses_pharmaceuticals_stock.csv,0.00,
init.003a9536-d485-5236-8f39-06a52a0738b1,BG GLUTAMIN PLUS,kesses_pharmaceuticals_stock.csv,0.00,
init.c97e9055-a969-5105-820b-b6b6f2a58f13,NEURO FORTE TABS,kesses_pharmaceuticals_stock.csv,0.00,
init.cdd74726-9af9-587a-b93c-03b884fad8a7,HYDROCHLOROTHIAZIDE TABLETS 50MG,kesses_pharmaceuticals_stock.csv,0.00,
init.ebca46ca-50e6-59da-8150-c814266744e3,METFORMIN TABS 850 MG,kesses_pharmaceuticals_stock.csv,0.00,
init.c60fb765-5c61-5c00-b6b1-6e025acb96f3,LUBRICATING GEL 42 GMS,kesses_pharmaceuticals_stock.csv,0.00,
init.0cf7fc85-8b7a-584f-a834-38f1e7c38c49,DIAZEPAM INJECTION - 10MG IN 2ML,kesses_pharmaceuticals_stock.csv,0.00,
init.4d425d55-1677-55bd-b1e6-e62c6de61ea9,PHYLOMENADIONE 2MG/02ML INJECTION,kesses_pharmaceuticals_stock.csv,0.00,
init.fd2470f8-5591-55e6-9408-84656ea89ee4,ARTESUNATE LAMEFAUNTRINE 20/120MG,kesses_pharmaceuticals_stock.csv,0.00,
init.afae4937-bc18-5a4e-be86-132ea4a760af,ACYCLOVIR USP 400MG,kesses_pharmaceuticals_stock.csv,0.00,
init.01d8d064-42d6-57a3-a738-39500b447d78,SODIUM CHLORIDE 0.9% W/V SOLUTION,kesses_pharmaceuticals_stock.csv,0.00,
init.628a25a6-4612-5f83-919a-740ec9675eea,FLUCLOXACILLIN SODIUM 125MG,kesses_pharmaceuticals_stock.csv,0.00,
init.dfb86b82-198a-4dfd-af55-2fa7ddb972d8,JUNIOR PARACETAMOL (CHEWABLE) TABLETS,kesses_pharmaceuticals_stock.csv,0.00,
init.0ea94c19-1e35-4aaa-9dd8-07bc48048145,ACTRAPID 100 10/ML,kesses_pharmaceuticals_stock.csv,0.00,
init.9322a061-bde6-59d3-b59a-810fadf79e8c,1 ARTERIO +1 VENOUS FISTULA NEEDLES (PAIRED ARTERIO & VENOUS) 16G,kesses_renal.csv,119.00,
init.fdef69a3-0972-503f-abbf-4c86902073b6,LONG TERM /CHRONIC DIAYSIS DUAL LUMEN CATHETER 14.5 *24(19 TIP TO CUFF) TOTAL LENGTH 36,kesses_renal.csv,20000.00,
init.a898f50c-1350-11df-a1f1-0026b9348838,Complete blood count,lab_tests.csv,0.0,
init.a898b2ea-1350-11df-a1f1-0026b9348838,Liver function tests,lab_tests.csv,0.0,
init.cde31588-6c57-4260-adca-b13c3cfb82fe,Renal function blood test,lab_tests.csv,0.0,
init.a8909524-1350-11df-a1f1-0026b9348838,Malarial smear,lab_tests.csv,0.0,
init.a8945c7c-1350-11df-a1f1-0026b9348838,Widal test,lab_tests.csv,0.0,
init.c66b2f4c-87af-4de5-93a9-209141f167e4,Hemoglobin A2,lab_tests.csv,0.0,
init.c6ff86c3-9592-4988-9dc8-e427218333bc,Malaria RDT P falciparum and P ovale,lab_tests.csv,0.0,
init.a8945ac4-1350-11df-a1f1-0026b9348838,Stool exam,lab_tests.csv,0.0,
init.a8909f56-1350-11df-a1f1-0026b9348838,Urine pregnancy test qualitative,lab_tests.csv,0.0,
init.a8945678-1350-11df-a1f1-0026b9348838,Syphilis - VDRL qualitative,lab_tests.csv,0.0,
init.a8945ba0-1350-11df-a1f1-0026b9348838,Brucella test,lab_tests.csv,0.0,
init.a8945d4e-1350-11df-a1f1-0026b9348838,Sputum for acid fast bacilli,lab_tests.csv,0.0,
init.1b2dc83b-9abf-4494-b18e-2bfd76b5db4d,Full thyroid panel,lab_tests.csv,0.0,
init.a8999fb6-1350-11df-a1f1-0026b9348838,HIV enzyme immunoassay qualitative,lab_tests.csv,0.0,
init.a894590c-1350-11df-a1f1-0026b9348838,Urinalysis,lab_tests.csv,0.0,
init.a8945754-1350-11df-a1f1-0026b9348838,Blood typing,lab_tests.csv,0.0,
init.a8999dfe-1350-11df-a1f1-0026b9348838,HIV rapid test qualitative,lab_tests.csv,0.0,
init.a8af7520-1350-11df-a1f1-0026b9348838,Glycosylated hemoglobin,lab_tests.csv,0.0,
init.00ed7062-a576-4749-9dcb-783840caddc1,Fasting lipid panel,lab_tests.csv,0.0,
init.a89c7a4c-1350-11df-a1f1-0026b9348838,HBV antigen,lab_tests.csv,0.0,
init.a898e9e0-1350-11df-a1f1-0026b9348838,Lipid panel,lab_tests.csv,0.0,
init.193b3ef7-a9bd-47ea-a935-cf4b744355ec,Helicobacter pylori Ab in serum by immunofluorescence,lab_tests.csv,0.0,
init.b63a1374-6c74-4af1-8a1f-c403138e4389,Antistreptolysin O titre serum,lab_tests.csv,0.0,
init.0f6343de-eb9b-404f-959c-def6ef394fde,Helicobacter pylori antigen test in stool,lab_tests.csv,0.0,
init.ff02d39c-3ccd-4cf8-b252-21658e32b21d,Rheumatoid factor,lab_tests.csv,0.0,
init.76a01a3d-dc11-46a1-86ea-cbf08de5232c,Salmonella antigen,lab_tests.csv,0.0,
init.a8908a16-1350-11df-a1f1-0026b9348838,Hemoglobin,lab_tests.csv,0.0,
init.a898418e-1350-11df-a1f1-0026b9348838,Random blood sugar,lab_tests.csv,0.0,
init.a8b018fe-1350-11df-a1f1-0026b9348838,Blood glucose fasting,lab_tests.csv,0.0,
init.09b4f7a6-d6b7-4d7e-a09d-47e2be77c150,Malaria smear impression,lab_tests.csv,0.0,
init.a8a0aa9a-1350-11df-a1f1-0026b9348838,Urinalysis microscopic,lab_tests.csv,0.0,
init.51aaaadb-00a8-4cf9-b29e-ab7a6a983a44,Urine microscopy panel,lab_tests.csv,0.0,
init.a8a8a66e-1350-11df-a1f1-0026b9348838,Serum electrolytes,lab_tests.csv,0.0,
init.aff79829-0533-4c41-b7f9-e20bb63de7d0,Thyroid stimulating hormone quantitative,lab_tests.csv,0.0,
init.9924eedc-88af-4252-8156-53317ff9c96e,Antenatal care profile,lab_tests.csv,0.0,
init.a8a47152-1350-11df-a1f1-0026b9348838,Serum calcium,lab_tests.csv,0.0,
init.a8981d8a-1350-11df-a1f1-0026b9348838,Serum albumin,lab_tests.csv,0.0,
init.a897e450-1350-11df-a1f1-0026b9348838,Serum creatinine,lab_tests.csv,0.0,
init.a89c3834-1350-11df-a1f1-0026b9348838,Serum direct bilirubin,lab_tests.csv,0.0,
init.a8982550-1350-11df-a1f1-0026b9348838,Serum blood urea nitrogen,lab_tests.csv,0.0,
init.369dd7ae-7d43-429e-b76e-bcf5baf4f4b2,Punch biopsy,procedures.csv,0.0,
init.c9337a50-074e-4deb-a100-e9da0598b72a,Bronchoscopy,procedures.csv,0.0,
init.eaa5796d-0b1c-478b-8c9d-d23cf4c3bddc,Vasectomy,procedures.csv,0.0,
init.4f344ae4-5817-4065-8c2a-e9f9f0b8560a,Ultrasound guided biopsy,procedures.csv,0.0,
init.81aad3d5-0535-416a-a833-9079af068e3f,Tubal ligation,procedures.csv,0.0,
init.c3ed398c-eb30-43a4-8737-8ee3995daf7f,Insertion of contraceptive implant,procedures.csv,0.0,
init.dd3aa98a-2230-4bfb-aabb-6be9a00ace87,Removal of contraceptive implant,procedures.csv,0.0,
init.d4d9c056-1a06-4a77-9a67-35ca2e9f98f5,Thyroidectomy,procedures.csv,0.0,
init.a8a713f8-1350-11df-a1f1-0026b9348838,Female sterilization,procedures.csv,0.0,
init.a6506baa-0b8e-49ff-9f65-37bf5716d08e,Hemicolectomy,procedures.csv,0.0,
init.2faf20eb-2a94-4c91-86f6-c9e30aecff14,Nephrectomy,procedures.csv,0.0,
init.2bde812a-d990-4792-b651-f1a322433485,Laminectomy,procedures.csv,0.0,
init.6297ed2a-c21e-4348-8315-d633065188d4,Orchiectomy,procedures.csv,0.0,
init.a747741e-562a-42bb-aa9c-bc2342cc5f42,Oophorectomy,procedures.csv,0.0,
init.11efa11d-16ed-48ba-baad-f9c09d710ae8,Splenectomy,procedures.csv,0.0,
init.a89530d4-1350-11df-a1f1-0026b9348838,Clean and dressing,procedures.csv,0.0,
init.1aa0fb3b-9de8-42ca-83d9-e74e65572114,Closure by suture,procedures.csv,0.0,
init.17112afe-7cb0-4ae7-b34b-da0edb4bedcd,Incision and drainage,procedures.csv,0.0,
init.d917de34-678b-451a-8a5e-af055ef5e72d,Catheterization of urinary bladder,procedures.csv,0.0,
init.b651b323-1d64-4a9b-95ae-3712b4543d03,Insert intravenous (IV) line,procedures.csv,0.0,
init.93e2f92d-5702-4580-b733-cfee1bfd131c,Nebulization,procedures.csv,0.0,
init.cff16470-b89b-46a2-9b2d-8c12de17dc3e,Debridement of skin wound,procedures.csv,0.0,
init.d0a09eb2-8fc7-42fc-bcc3-f8a6687e2a16,Injection administration,procedures.csv,0.0,
init.8705087f-58a5-4de4-9d69-68ade0e3c121,Splint application,procedures.csv,0.0,
init.a8a0a612-1350-11df-a1f1-0026b9348838,Exodontia,procedures.csv,0.0,
init.72178bbe-a3d2-41ca-a634-3324b71d9bc6,Ultrasound renal,ultrasound.csv,0.0,
init.a8982104-1350-11df-a1f1-0026b9348838,Ultrasound hepatic,ultrasound.csv,0.0,
init.a8aff48c-1350-11df-a1f1-0026b9348838,Obstetric ultrasound,ultrasound.csv,0.0,
init.a8981af6-1350-11df-a1f1-0026b9348838,Ultrasound abdomen,ultrasound.csv,0.0,
init.a894d544-1350-11df-a1f1-0026b9348838,X-ray shoulder,xray.csv,0.0,
init.a894ca36-1350-11df-a1f1-0026b9348838,X-ray pelvis,xray.csv,0.0,
init.a890d0f2-1350-11df-a1f1-0026b9348838,X-ray abdomen,xray.csv,0.0,
init.a8945f06-1350-11df-a1f1-0026b9348838,X-ray other,xray.csv,0.0,
init.a894c266-1350-11df-a1f1-0026b9348838,X-ray skull,xray.csv,0.0,
init.a894b6d6-1350-11df-a1f1-0026b9348838,X-ray leg,xray.csv,0.0,
init.a894b870-1350-11df-a1f1-0026b9348838,X-ray hand,xray.csv,0.0,
init.a894ba0a-1350-11df-a1f1-0026b9348838,X-ray foot,xray.csv,0.0,
init.a8908192-1350-11df-a1f1-0026b9348838,Chest x-ray preliminary findings,xray.csv,0.0,
init.a894b474-1350-11df-a1f1-0026b9348838,X-ray arm,xray.csv,0.0,
init.a894c5a4-1350-11df-a1f1-0026b9348838,X-ray spine,xray.csv,0.0,
init.a89dc7ee-1350-11df-a1f1-0026b9348838,Barium swallow,xray.csv,0.0,
init.a89dc730-1350-11df-a1f1-0026b9348838,Barium meal,xray.csv,0.0,
