kemsa_code,recommended_default_code,excel_name,match_name,is_tracer,section,category,pack_size,excel_price,excel_row,suggested_csv_file,fuzzy_suggestions
PM12GEN003,PM12GEN003,GENTAMICIN  SULPHATE EYE/EAR SOLUTION  0.3% 10ML,GENTAMICIN SULPHATE EYE/EAR SOLUTION 0.3% 10ML,True,PHARMACEUTICALS,OPHTHALMIC ANTI-INFECTIVE MEDICINES,10ML VIAL,27,127,kesses_pharmaceuticals_stock.csv,0.64|init.7fc68da9-7b4c-555a-abb9-0d435604ba06|kesses_pharmaceuticals_stock.csv|GENTAMICIN SULPHATE SOLUTION (EYE / EAR DROPS) 0.3 % W/V ;; 0.36|init.05716d98-82d5-5506-9f75-448328f25aed|kesses_pharmaceuticals_stock.csv|DEXAMETHASONE 0.1% + GENTAMICIN 0.3% EYE DROPS
PM07NDR001,PM07NDR001,NORADRENALINEINJECTION 2MG/2ML-AMPOULE,NORADRENALINEINJECTION 2MG/2ML-AMPOULE,False,PHARMACEUTICALS,ANTI ALLERGICS & MEDICINE USED IN ANAPHYLAXIS,AMPOULE,390,198,kesses_pharmaceuticals_stock.csv,0.50|init.d9d71b24-8910-5f68-aa8f-c5e9fe48c496|kesses_pharmaceuticals_stock.csv|NORADRENALINE INJECTION 2MG/2ML-AMPOULE ;; 0.50|init.9dcd95c4-8d06-5baa-a53b-f46e4454a61c|kesses_oncology.csv|ONDANSETRON INJECTION 2MG/ML 2ML AMPOULE
PM14PHY002,PM14PHY002,PHYTOMENADIONE INJECTION (VITAMIN K) 10MG/ML (0.2ML AMPOULE)-PAEDIATRIC,PHYTOMENADIONE INJECTION (VITAMIN K) 10MG/ML (0.2ML AMPOULE)-PAEDIATRIC,False,PHARMACEUTICALS,MEDICINES AFFECTING COAGULATION,AMPOULE,55,216,kesses_pharmaceuticals_stock.csv,
PM07VAL003,PM07VAL003,SODIUM VALPROATE (VALPROIC ACID)ORAL SOLUTION (SYRUP) 200MG/5ML,SODIUM VALPROATE (VALPROIC ACID)ORAL SOLUTION (SYRUP) 200MG/5ML,False,PHARMACEUTICALS,SEDATIVES/ANXIOLYTICS & ANTICONVULSANTS,300ml Bottle,1250,249,kesses_pharmaceuticals_stock.csv,0.56|init.760531b6-98c6-5765-afee-8486c5bde798|kesses_pharmaceuticals_stock.csv|VALPROIC ACID(SODIUM VALPROATE) 200MG TABLETS
PM06AMN001,PM06AMN001,AMLODIPINE 5MG + NEBIVOLOL 5MG TABLETS  - Nebi AM,AMLODIPINE 5MG + NEBIVOLOL 5MG TABLETS - Nebi AM,True,SSD PHARMACEUTICALS,ANTIHYPERTENSION MEDICINES,TABLET,43,281,kesses_pharmaceuticals_stock.csv,0.40|init.568771d5-3116-4ed7-a85d-3f7f0b9a4e54|drugs.csv|AMLODIPINE 5mg TAB ;; 0.40|init.db6464a3-af8c-5762-959c-2c4c4fb105aa|kesses_pharmaceuticals_stock.csv|AMLODIPINE TABLET 5MG ;; 0.40|init.7c6245cf-a83f-5b96-b17e-983ea4658649|kesses_kemsa_stocks_received_latest.csv|AMLODIPINE TABLETS 5MG
PM10BSP005,PM10BSP005,BISOPROLOL 10MG TABLETS  - Bisocard,BISOPROLOL 10MG TABLETS - Bisocard,True,SSD PHARMACEUTICALS,ANTIHYPERTENSION MEDICINES,TABLET,27,282,kesses_pharmaceuticals_stock.csv,
PM10BSP006,PM10BSP006,BISOPROLOL 5MG TABLETS  - Bisocard,BISOPROLOL 5MG TABLETS - Bisocard,True,SSD PHARMACEUTICALS,ANTIHYPERTENSION MEDICINES,TABLET,16,283,kesses_pharmaceuticals_stock.csv,
PM10DPG001,PM10DPG001,DAPAGLIFOZIN 10MG TABLETS  - Dapaflo - 10,DAPAGLIFOZIN 10MG TABLETS - Dapaflo - 10,True,SSD PHARMACEUTICALS,ORAL HYPOGLYCAEMIC AGENTS,TABLET,45,284,kesses_pharmaceuticals_stock.csv,0.50|init.6a2659a7-708f-51fc-a0ba-de6899ad2ae4|kesses_pharmaceuticals_stock.csv|DAPAGLIFOZIN 10MG TABLETS
PM10EMP001,PM10EMP001,EMPAGLIFLOZIN 10 MG  TABLETS  - Empiget-10,EMPAGLIFLOZIN 10 MG TABLETS - Empiget-10,True,SSD PHARMACEUTICALS,ORAL HYPOGLYCAEMIC AGENTS,TABLET,42,285,kesses_pharmaceuticals_stock.csv,
PM10MEE002,PM10MEE002,EMPAGLIFLOZIN 12.5 MG +METFORMIN 1000MG TABLET  - Empiget-M,EMPAGLIFLOZIN 12.5 MG +METFORMIN 1000MG TABLET - Empiget-M,True,SSD PHARMACEUTICALS,ORAL HYPOGLYCAEMIC AGENTS,TABLET,35,286,kesses_pharmaceuticals_stock.csv,
PM10EMP002,PM10EMP002,EMPAGLIFLOZIN 25MG  - Empiget-25,EMPAGLIFLOZIN 25MG - Empiget-25,True,SSD PHARMACEUTICALS,MANUAL RESUSCITATION EQUIPMENT,TABLET,50,287,kesses_pharmaceuticals_stock.csv,
PM10MEE003,PM10MEE003,EMPAGLIFLOZIN 5MG + METFORMIN 1000MG  - Empiget-M,EMPAGLIFLOZIN 5MG + METFORMIN 1000MG - Empiget-M,True,SSD PHARMACEUTICALS,ORAL HYPOGLYCAEMIC AGENTS,TABLET,34,288,kesses_pharmaceuticals_stock.csv,
PM10MEE001,PM10MEE001,EMPAGLIFLOZIN  5MG +METFORMIN 500 MG TABLETS  - Empiget - M,EMPAGLIFLOZIN 5MG +METFORMIN 500 MG TABLETS - Empiget - M,True,SSD PHARMACEUTICALS,ORAL HYPOGLYCAEMIC AGENTS,TABLET,35,289,kesses_pharmaceuticals_stock.csv,
PM11ESM004,PM11ESM004,ESOMEPRAZOLE 20MG TABLETS  - Esose 20,ESOMEPRAZOLE 20MG TABLETS - Esose 20,True,SSD PHARMACEUTICALS,ANTIACID/ANTIULCER MEDICINES,TABLET,13,290,kesses_pharmaceuticals_stock.csv,
PM11ESM006,PM11ESM006,ESOMEPRAZOLE 40MG TABLETS  - Esose 40,ESOMEPRAZOLE 40MG TABLETS - Esose 40,True,SSD PHARMACEUTICALS,ANTIACID/ANTIULCER MEDICINES,TABLET,20,291,kesses_pharmaceuticals_stock.csv,0.50|init.992fd29f-fbd6-5cd4-bba9-f7e68ff7537f|kesses_pharmaceuticals_stock.csv|ESOMEPRAZOLE 40MG TABLETS ;; 0.50|init.c2357ca1-a872-451c-bf6d-29c4337a2c0c|drugs.csv|ESOMEPRAZOLE 40mg
PM14FDH001,PM14FDH001,FLAVONOIDIC DIOSMIN/HESPERIDIN 450MG/50MG  TABLETS  - Daflon,FLAVONOIDIC DIOSMIN/HESPERIDIN 450MG/50MG TABLETS - Daflon,True,SSD PHARMACEUTICALS,VITAMINS AND MINERALS,PACK OF 30S,1650,292,kesses_pharmaceuticals_stock.csv,0.83|init.544867d6-5465-5b6b-82cc-64f1fe8e1536|kesses_pharmaceuticals_stock.csv|FLAVONOIDIC DIOSMIN/HESPERIDIN 450MG/50MG TABLETS
PM11HKT004,PM11HKT004,H.PYLORI ERADICATION KIT (ESOMEPRAZOLE 20MG/ CLARITHROMYCIN 500MG/ AMOXYCILLIN 1G)  - Esclam Kit,H.PYLORI ERADICATION KIT (ESOMEPRAZOLE 20MG/ CLARITHROMYCIN 500MG/ AMOXYCILLIN 1G) - Esclam Kit,True,SSD PHARMACEUTICALS,ANTIACID/ANTIULCER MEDICINES,Pack of 7s,1500,293,kesses_pharmaceuticals_stock.csv,0.91|init.fe7d4828-b514-4bcc-a275-4217f2c0eaaa|kesses_pharmaceuticals_stock.csv|H.PYLORI ERADICATION KIT (ESOMEPRAZOLE 20MG/ CLARITHROMYCIN 500MG/ AMOXYCILLIN 1G)
PM06AMP005,PM06AMP005,INDAPAMIDE 1.5MG SLOW RELEASE TABLETS  - Natrilix SR,INDAPAMIDE 1.5MG SLOW RELEASE TABLETS - Natrilix SR,True,SSD PHARMACEUTICALS,ANTIHYPERTENSION MEDICINES,PACK OF 30S,1290,294,kesses_pharmaceuticals_stock.csv,0.71|init.88982bd5-6acc-5845-9d32-a2786df9911a|kesses_pharmaceuticals_stock.csv|INDAPAMIDE 1.5MG SLOW RELEASE TABLETS ;; 0.38|init.669792ff-6735-56ad-b12e-af95881d9b35|kesses_pharmaceuticals_stock.csv|INDAPAMIDE + AMLODIPINE 1.5MG/5MG TABLETS
PM06AMP001,PM06AMP001,INDAPAMIDE + AMLODIPINE 1.5MG/10MG TABLETS  - Natrixam - 10mg,INDAPAMIDE + AMLODIPINE 1.5MG/10MG TABLETS - Natrixam - 10mg,True,SSD PHARMACEUTICALS,ANTIHYPERTENSION MEDICINES,PACK OF 30S,1750,295,kesses_pharmaceuticals_stock.csv,0.83|init.37b9f611-82a5-56bc-b38a-533642772f43|kesses_pharmaceuticals_stock.csv|INDAPAMIDE + AMLODIPINE 1.5MG/10MG TABLETS ;; 0.67|init.669792ff-6735-56ad-b12e-af95881d9b35|kesses_pharmaceuticals_stock.csv|INDAPAMIDE + AMLODIPINE 1.5MG/5MG TABLETS ;; 0.50|init.3e2fbf24-7428-5bd2-a34b-7f6d778b2559|kesses_pharmaceuticals_stock.csv|PERINDOPRIL + INDAPAMIDE + AMLODIPINE 10MG/2.5MG/10MG TABLETS
PM06AMP002,PM06AMP002,INDAPAMIDE + AMLODIPINE 1.5MG/5MG TABLETS  - Natrixam - 5mg,INDAPAMIDE + AMLODIPINE 1.5MG/5MG TABLETS - Natrixam - 5mg,True,SSD PHARMACEUTICALS,ANTIHYPERTENSION MEDICINES,PACK OF 30S,1600,296,kesses_pharmaceuticals_stock.csv,0.80|init.669792ff-6735-56ad-b12e-af95881d9b35|kesses_pharmaceuticals_stock.csv|INDAPAMIDE + AMLODIPINE 1.5MG/5MG TABLETS ;; 0.67|init.37b9f611-82a5-56bc-b38a-533642772f43|kesses_pharmaceuticals_stock.csv|INDAPAMIDE + AMLODIPINE 1.5MG/10MG TABLETS ;; 0.43|init.311a09a2-bc34-5557-bd4e-819ad4b36a74|kesses_pharmaceuticals_stock.csv|INDAPAMIDE + PERINDOPRIL 1.25MG/5MG TABLETS
PM06AMP003,PM06AMP003,INDAPAMIDE + PERINDOPRIL 1.25MG/5MG TABLETS  - Bipreterax - 5mg,INDAPAMIDE + PERINDOPRIL 1.25MG/5MG TABLETS - Bipreterax - 5mg,True,SSD PHARMACEUTICALS,ANTIHYPERTENSION MEDICINES,PACK OF 30S,1700,297,kesses_pharmaceuticals_stock.csv,0.83|init.311a09a2-bc34-5557-bd4e-819ad4b36a74|kesses_pharmaceuticals_stock.csv|INDAPAMIDE + PERINDOPRIL 1.25MG/5MG TABLETS ;; 0.43|init.669792ff-6735-56ad-b12e-af95881d9b35|kesses_pharmaceuticals_stock.csv|INDAPAMIDE + AMLODIPINE 1.5MG/5MG TABLETS ;; 0.38|init.37b9f611-82a5-56bc-b38a-533642772f43|kesses_pharmaceuticals_stock.csv|INDAPAMIDE + AMLODIPINE 1.5MG/10MG TABLETS
PM06AMP004,PM06AMP004,INDAPAMIDE + PERINDOPRIL 2.5MG/10MG TABLETS  - Bipreterax - 10mg,INDAPAMIDE + PERINDOPRIL 2.5MG/10MG TABLETS - Bipreterax - 10mg,True,SSD PHARMACEUTICALS,ANTIHYPERTENSION MEDICINES,PACK OF 30S,2150,298,kesses_pharmaceuticals_stock.csv,0.83|init.9f45fd0d-b8b7-5edc-ac32-48d38332e315|kesses_pharmaceuticals_stock.csv|INDAPAMIDE + PERINDOPRIL 2.5MG/10MG TABLETS ;; 0.71|init.3e2fbf24-7428-5bd2-a34b-7f6d778b2559|kesses_pharmaceuticals_stock.csv|PERINDOPRIL + INDAPAMIDE + AMLODIPINE 10MG/2.5MG/10MG TABLETS ;; 0.38|init.37b9f611-82a5-56bc-b38a-533642772f43|kesses_pharmaceuticals_stock.csv|INDAPAMIDE + AMLODIPINE 1.5MG/10MG TABLETS
PM07LVT004,PM07LVT004,LEVETIRACETAM 250MG TABLETS  - Levipil 250,LEVETIRACETAM 250MG TABLETS - Levipil 250,True,SSD PHARMACEUTICALS,SEDATIVES/ANXIOLYTICS & ANTICONVULSANTS,TABLET,30,299,kesses_pharmaceuticals_stock.csv,0.50|init.d14a9051-2337-5783-9f8a-5d4d94767668|kesses_pharmaceuticals_stock.csv|LEVETIRACETAM 250MG TABLETS
PM07LVT005,PM07LVT005,LEVETIRACETAM 500MG TABLETS  - Levipil 500,LEVETIRACETAM 500MG TABLETS - Levipil 500,True,SSD PHARMACEUTICALS,SEDATIVES/ANXIOLYTICS & ANTICONVULSANTS,TABLET,45,300,kesses_pharmaceuticals_stock.csv,0.50|init.20d141d5-d4ed-50f0-9f2d-78d7ab233932|kesses_pharmaceuticals_stock.csv|LEVETIRACETAM 500MG TABLETS
PM06LST008,PM06LST008,LOSARTAN POTASSIUM 50MG + AMLODIPINE 5MG + HYDROCHLORTHIAZIDE 12.5MG TABLETS  - Unizar Forte,LOSARTAN POTASSIUM 50MG + AMLODIPINE 5MG + HYDROCHLORTHIAZIDE 12.5MG TABLETS - Unizar Forte,True,SSD PHARMACEUTICALS,ANTIHYPERTENSION MEDICINES,PACK OF 30S,950,301,kesses_pharmaceuticals_stock.csv,0.78|init.dbe13d8e-2c22-5700-ad88-6af3fd15663c|kesses_pharmaceuticals_stock.csv|LOSARTAN POTASSIUM 50MG + AMLODIPINE 5MG + HYDROCHLORTHIAZIDE 12.5MG TABLETS ;; 0.56|init.52d9444e-36fd-591b-b16b-90662ddfb5aa|kesses_pharmaceuticals_stock.csv|LOSARTAN POTASSIUM 50MG + AMLODIPINE 5MG TABLETS ;; 0.44|init.7f516314-327f-468c-9492-5cff2236ed03|drugs.csv|AMLODIPINE 5mg AND LOSARTAN 50mg
PM14MCN001,PM14MCN001,METHYLCOBALAMIN NASAL SRAY 250 MCG SPRAY  - Naso B12,METHYLCOBALAMIN NASAL SRAY 250 MCG SPRAY - Naso B12,True,SSD PHARMACEUTICALS,VITAMINS AND MINERALS,2.3 ml Bottle,1600,302,kesses_pharmaceuticals_stock.csv,0.75|init.97c48a13-8aa8-5897-86ee-7cbdb20ca134|kesses_pharmaceuticals_stock.csv|METHYLCOBALAMIN NASAL SRAY 250 MCG SPRAY
PM06NEB002,PM06NEB002,NEBIVOLOL 5 MG  TABLETS  - Nebi-5,NEBIVOLOL 5 MG TABLETS - Nebi-5,True,SSD PHARMACEUTICALS,ANTIHYPERTENSION MEDICINES,TABLET,40,303,kesses_pharmaceuticals_stock.csv,0.67|init.6a099e38-1440-5d90-b647-57c3cb0b9f0a|kesses_pharmaceuticals_stock.csv|NEBIVOLOL 5 MG TABLETS
PM12MMT003,PM12MMT003,OLOPATADINE HYDROCHLORIDE AND MOMATASONE FUROATE NASAL SPRAY 600MCG/25MCG  - Ryaltris,OLOPATADINE HYDROCHLORIDE AND MOMATASONE FUROATE NASAL SPRAY 600MCG/25MCG - Ryaltris,True,SSD PHARMACEUTICALS,ANTI-INFLAMATORY/ANTIPRURITIC MEDICINES,120 metered spray,1950,304,kesses_pharmaceuticals_stock.csv,0.70|init.ebfc52ff-11b3-5d82-a2ec-9cceb4016eaf|kesses_pharmaceuticals_stock.csv|OLAPATADINE HYDROCHLORIDE AND MOMATASONE FUROATE NASAL SPRAY 600MCG/25MCG
PM07PPD005,PM07PPD005,PALIPERIDONE 100 MG  INJ  - Invega Sustenna,PALIPERIDONE 100 MG INJ - Invega Sustenna,True,SSD PHARMACEUTICALS,MEDICINES FOR PSYCHOTIC DISORDERS,Prefilled Syringes,14000,305,kesses_pharmaceuticals_stock.csv,0.60|init.a8fc77de-026f-5ab2-a2a2-14f26895db61|kesses_pharmaceuticals_stock.csv|PALIPERIDONE 100 MG INJ
PM07PPD006,PM07PPD006,PALIPERIDONE 150  MG  INJ  - Invega Sustenna,PALIPERIDONE 150 MG INJ - Invega Sustenna,True,SSD PHARMACEUTICALS,MEDICINES FOR PSYCHOTIC DISORDERS,Prefilled Syringes,14000,306,kesses_pharmaceuticals_stock.csv,0.60|init.e5498c36-ebbe-51a4-87ae-07ef214c647d|kesses_pharmaceuticals_stock.csv|PALIPERIDONE 150 MG INJ
PM07PPD004,PM07PPD004,PALIPERIDONE 75 MG  INJ  - Invega Sustenna,PALIPERIDONE 75 MG INJ - Invega Sustenna,True,SSD PHARMACEUTICALS,MEDICINES FOR PSYCHOTIC DISORDERS,Prefilled Syringes,14000,307,kesses_pharmaceuticals_stock.csv,0.60|init.d9d36670-4c06-5794-98a1-409801256215|kesses_pharmaceuticals_stock.csv|PALIPERIDONE 75 MG INJ
PM06AMP006,PM06AMP006,PERINDOPRIL + AMLODIPINE 10MG/10MG TABLETS  - Coveram,PERINDOPRIL + AMLODIPINE 10MG/10MG TABLETS - Coveram,True,SSD PHARMACEUTICALS,ANTIHYPERTENSION MEDICINES,PACK OF 30S,2150,308,kesses_pharmaceuticals_stock.csv,0.75|init.a753eda8-1c28-506b-ba77-2dbf03c27f23|kesses_pharmaceuticals_stock.csv|PERINDOPRIL + AMLODIPINE 10MG/10MG TABLETS ;; 0.50|init.2edd97ef-6642-4052-b86b-ab33aaebe579|drugs.csv|AMLODIPINE 10mg TAB ;; 0.43|init.3e2fbf24-7428-5bd2-a34b-7f6d778b2559|kesses_pharmaceuticals_stock.csv|PERINDOPRIL + INDAPAMIDE + AMLODIPINE 10MG/2.5MG/10MG TABLETS
PM06AMP007,PM06AMP007,PERINDOPRIL + INDAPAMIDE + AMLODIPINE 10MG/2.5MG/10MG TABLETS  - Triplixam,PERINDOPRIL + INDAPAMIDE + AMLODIPINE 10MG/2.5MG/10MG TABLETS - Triplixam,True,SSD PHARMACEUTICALS,ANTIHYPERTENSION MEDICINES,PACK OF 30S,2350,309,kesses_pharmaceuticals_stock.csv,0.86|init.3e2fbf24-7428-5bd2-a34b-7f6d778b2559|kesses_pharmaceuticals_stock.csv|PERINDOPRIL + INDAPAMIDE + AMLODIPINE 10MG/2.5MG/10MG TABLETS ;; 0.71|init.9f45fd0d-b8b7-5edc-ac32-48d38332e315|kesses_pharmaceuticals_stock.csv|INDAPAMIDE + PERINDOPRIL 2.5MG/10MG TABLETS ;; 0.50|init.37b9f611-82a5-56bc-b38a-533642772f43|kesses_pharmaceuticals_stock.csv|INDAPAMIDE + AMLODIPINE 1.5MG/10MG TABLETS
PM07PRE005,PM07PRE005,PREGABALIN 25MG TABLETS  - Cabalin 25,PREGABALIN 25MG TABLETS - Cabalin 25,True,SSD PHARMACEUTICALS,SEDATIVES/ANXIOLYTICS & ANTICONVULSANTS,Capsule,15,310,kesses_pharmaceuticals_stock.csv,0.50|init.e0894492-f162-43c3-8aa7-5180b8c99de1|kesses_pharmaceuticals_stock.csv|PREGABALIN 25MG TABLETS
PM07PRE004,PM07PRE004,PREGABALIN 75MG CAPSULE  - Gabica,PREGABALIN 75MG CAPSULE - Gabica,True,SSD PHARMACEUTICALS,SEDATIVES/ANXIOLYTICS & ANTICONVULSANTS,Capsule,21,311,kesses_pharmaceuticals_stock.csv,0.50|init.1bca5460-5954-4ab2-b500-186f37f8cea6|drugs.csv|PREGABALIN 75mg CAP
PM07QPN006,PM07QPN006,QUETIAPINE  100MG TABLETS  - Quitipin - 100,QUETIAPINE 100MG TABLETS - Quitipin - 100,True,SSD PHARMACEUTICALS,MEDICINES FOR PSYCHOTIC DISORDERS,PACK OF 30S,1500,312,kesses_pharmaceuticals_stock.csv,0.50|init.208dd4b6-8db9-46f0-b695-194f1e339af0|kesses_pharmaceuticals_stock.csv|QUETIAPINE 100MG TABLETS
PM07QPN005,PM07QPN005,QUETIAPINE 50MG TABLETS  - Quitipin - 50,QUETIAPINE 50MG TABLETS - Quitipin - 50,True,SSD PHARMACEUTICALS,MEDICINES FOR PSYCHOTIC DISORDERS,PACK OF 30S,1370,313,kesses_pharmaceuticals_stock.csv,0.50|init.e0d2fe97-4932-4fbf-83ba-741e5b780c45|kesses_pharmaceuticals_stock.csv|QUETIAPINE 50MG TABLETS
PM07QPN003,PM07QPN003,QUETIAPINE TABLET (E/R) 300MG  - Quitipin - 300,QUETIAPINE TABLET (E/R) 300MG - Quitipin - 300,True,SSD PHARMACEUTICALS,MEDICINES FOR PSYCHOTIC DISORDERS,PACK OF 30S,2100,314,kesses_pharmaceuticals_stock.csv,0.67|init.62e60c18-826a-5c7f-b43b-823f3066e2da|kesses_pharmaceuticals_stock.csv|QUETIAPINE TABLET (E/R) 300MG
PM10SAL004,PM10SAL004,SALMETEROL + FLUTICASONE  25MCG/125MCG  SYCOBREATHE  - Serocort 125,SALMETEROL + FLUTICASONE 25MCG/125MCG SYCOBREATHE - Serocort 125,True,SSD PHARMACEUTICALS,ANTIASTHMATICS AND DRUGS FOR COPD,120 doses,1550,315,kesses_pharmaceuticals_stock.csv,0.71|init.fec06b20-0d0b-5655-b292-324facb25f14|kesses_pharmaceuticals_stock.csv|SALMETEROL + FLUTICASONE 25MCG/125MCG SYCOBREATHE ;; 0.57|init.19300cb4-ee83-4268-9396-0d0562787d1d|drugs.csv|SALMETEROL 25mcg AND FLUTICASONE 125mcg ;; 0.38|init.e05278d4-6ef1-461d-8194-931138306a1b|drugs.csv|SALMETEROL 25mcg AND FLUTICASONE 250mcg
PM10SAL005,PM10SAL005,SALMETEROL + FLUTICASONE  25MCG/250MCG  SYNCOBREATHE  - Serocort 250,SALMETEROL + FLUTICASONE 25MCG/250MCG SYNCOBREATHE - Serocort 250,True,SSD PHARMACEUTICALS,ANTIASTHMATICS AND DRUGS FOR COPD,120 doses,1900,316,kesses_pharmaceuticals_stock.csv,0.71|init.1f7ee209-470b-53d9-b52d-e6ed81dc74cf|kesses_pharmaceuticals_stock.csv|SALMETEROL + FLUTICASONE 25MCG/250MCG SYNCOBREATHE ;; 0.57|init.e05278d4-6ef1-461d-8194-931138306a1b|drugs.csv|SALMETEROL 25mcg AND FLUTICASONE 250mcg ;; 0.38|init.19300cb4-ee83-4268-9396-0d0562787d1d|drugs.csv|SALMETEROL 25mcg AND FLUTICASONE 125mcg
PM07SLN002,PM07SLN002,SERTRALINE 50MG TABLETS  - Zosert 50,SERTRALINE 50MG TABLETS - Zosert 50,True,SSD PHARMACEUTICALS,MEDICINES  USED IN MOOD DISORDERS,PACK OF 30S,1450,317,kesses_pharmaceuticals_stock.csv,0.50|init.ba8692f2-76a5-4206-b356-1fc8278963b8|kesses_pharmaceuticals_stock.csv|SERTRALINE 50MG TABLETS
PM10STG003,PM10STG003,SITAGLIPTIN 100MG TABLETS  - Trevia,SITAGLIPTIN 100MG TABLETS - Trevia,True,SSD PHARMACEUTICALS,ORAL HYPOGLYCAEMIC AGENTS,TABLET,49,318,kesses_pharmaceuticals_stock.csv,0.67|init.65bd8af6-8c09-4c71-9d91-2a2ba45397f3|kesses_pharmaceuticals_stock.csv|SITAGLIPTIN 100MG TABLETS
PM10STG004,PM10STG004,SITAGLIPTIN 50MG + METFORMIN 1000MG TABLETS  - Treviamet,SITAGLIPTIN 50MG + METFORMIN 1000MG TABLETS - Treviamet,True,SSD PHARMACEUTICALS,ORAL HYPOGLYCAEMIC AGENTS,TABLET,28,319,kesses_pharmaceuticals_stock.csv,0.80|init.209c0cc4-77f0-5635-b127-d47c0116f5cd|kesses_pharmaceuticals_stock.csv|SITAGLIPTIN 50MG + METFORMIN 1000MG TABLETS ;; 0.50|init.1c4f3f6b-5193-52f4-abae-64b11f5111f2|kesses_pharmaceuticals_stock.csv|SITAGLIPTIN 50MG + METFORMIN 500MG TABLETS ;; 0.40|init.bc65c466-0a3d-4606-8edc-8563787deea3|drugs.csv|METFORMIN 1000mg TAB
PM10STG005,PM10STG005,SITAGLIPTIN 50MG + METFORMIN 500MG TABLETS  - Treviamet,SITAGLIPTIN 50MG + METFORMIN 500MG TABLETS - Treviamet,True,SSD PHARMACEUTICALS,ORAL HYPOGLYCAEMIC AGENTS,TABLET,30,320,kesses_pharmaceuticals_stock.csv,0.80|init.1c4f3f6b-5193-52f4-abae-64b11f5111f2|kesses_pharmaceuticals_stock.csv|SITAGLIPTIN 50MG + METFORMIN 500MG TABLETS ;; 0.50|init.209c0cc4-77f0-5635-b127-d47c0116f5cd|kesses_pharmaceuticals_stock.csv|SITAGLIPTIN 50MG + METFORMIN 1000MG TABLETS ;; 0.40|init.5347d982-9137-4829-b77b-864a07436508|drugs.csv|METFORMIN 500mg TAB
PM10STG002,PM10STG002,SITAGLIPTIN 50MG  TABLETS  - Trevia,SITAGLIPTIN 50MG TABLETS - Trevia,True,SSD PHARMACEUTICALS,ORAL HYPOGLYCAEMIC AGENTS,TABLET,30,321,kesses_pharmaceuticals_stock.csv,0.67|init.feeece36-0c2a-4ab6-8a66-aeed7bf40c5f|kesses_pharmaceuticals_stock.csv|SITAGLIPTIN 50MG TABLETS ;; 0.40|init.209c0cc4-77f0-5635-b127-d47c0116f5cd|kesses_pharmaceuticals_stock.csv|SITAGLIPTIN 50MG + METFORMIN 1000MG TABLETS ;; 0.40|init.1c4f3f6b-5193-52f4-abae-64b11f5111f2|kesses_pharmaceuticals_stock.csv|SITAGLIPTIN 50MG + METFORMIN 500MG TABLETS
PM08RBT001,PM08RBT001,ABIRATERONE 250 MG TABLETS  - Zytiga,ABIRATERONE 250 MG TABLETS - Zytiga,True,ONCOLOGY,HORMONES & ANTIHORMONES,PACK OF 120S,49500,325,kesses_oncology.csv,
PM08ABR002,PM08ABR002,ABIRATERONE ACETATE TABLETS 500MG PACK 0,ABIRATERONE ACETATE TABLETS 500MG PACK 0,False,ONCOLOGY,CYTOTOXIC MEDICINES,PACK,32750,326,kesses_oncology.csv,
PM08CYC001,PM08CYC001,CYCLOPHOSPHAMIDE INJECTION  - 500MG,CYCLOPHOSPHAMIDE INJECTION - 500MG,True,ONCOLOGY,CYTOTOXIC MEDICINES,VIAL,247,327,kesses_oncology.csv,0.50|init.cd138ce6-ce30-5ed7-8192-97ff9dc3ae0b|kesses_pharmaceuticals_stock.csv|FLUCLOXACILLIN INJECTION 500MG ;; 0.40|init.bb8c72b5-c871-4911-8566-f4dc60547cdd|kesses_pharmaceuticals_stock.csv|METHYL PREDNISOLONE 500MG INJECTION ;; 0.40|init.9f5428a4-c7b0-5d9c-988e-99eb9eaafe2f|kesses_pharmaceuticals_stock.csv|THIOPENTONE SODIUM INJECTION - 500MG
PM08CYC002,PM08CYC002,CYCLOPHOSPHAMIDE INJECTION POWDER FOR RECONSTITUTION 1G,CYCLOPHOSPHAMIDE INJECTION POWDER FOR RECONSTITUTION 1G,False,ONCOLOGY,CYTOTOXIC MEDICINES,VIAL,285,328,kesses_oncology.csv,
PM08EZL001,PM08EZL001,ENZALUTAMIDE  40MG CAPSULE,ENZALUTAMIDE 40MG CAPSULE,True,ONCOLOGY,CYTOTOXIC MEDICINES,PACK OF 56s,25600,329,kesses_oncology.csv,
PM08GMB002,PM08GMB002,GEMCITABINE  INJECTION PFR 1G VIAL,GEMCITABINE INJECTION PFR 1G VIAL,True,ONCOLOGY,CYTOTOXIC MEDICINES,VIAL,2160,330,kesses_oncology.csv,0.43|init.f9e25a1e-5dab-5cf2-bac6-4883c5f7552a|kesses_pharmaceuticals_stock.csv|MEROPENEM INJECTION PFR 500MG-VIAL
PM08LEN006,PM08LEN006,LENALIDOMIDE CAPSULE 10MG,LENALIDOMIDE CAPSULE 10MG,False,ONCOLOGY,IMMUNOMODULATORS,Pack of 21,9225,333,kesses_oncology.csv,
PM08LEN007,PM08LEN007,LENALIDOMIDE CAPSULE 25MG,LENALIDOMIDE CAPSULE 25MG,False,ONCOLOGY,IMMUNOMODULATORS,Pack of 21,15375,334,kesses_oncology.csv,0.50|init.bedc3e11-0078-5359-b5be-d94a652014ed|kesses_pharmaceuticals_stock.csv|CYCLOSPORIN CAPSULE 25MG
PM08LEN005,PM08LEN005,LENALIDOMIDE CAPSULE 5MG,LENALIDOMIDE CAPSULE 5MG,False,ONCOLOGY,IMMUNOMODULATORS,Pack of 21,6145,335,kesses_oncology.csv,
PM08MET002,PM08MET002,METHOTREXATE SOLUTION FOR INJECTION 25MG/ML 2ML VIAL (AS SODIUM SALT PRESERVATIVE FREE),METHOTREXATE SOLUTION FOR INJECTION 25MG/ML 2ML VIAL (AS SODIUM SALT PRESERVATIVE FREE),False,ONCOLOGY,CYTOTOXIC MEDICINES,VIAL,235,336,kesses_oncology.csv,
PM08RTX003,PM08RTX003,RITUXIMAB SOLUTION FOR INJECTION 10MG/ML10 ML VIAL  - Mabthera,RITUXIMAB SOLUTION FOR INJECTION 10MG/ML10 ML VIAL - Mabthera,True,ONCOLOGY,TARGETED THERAPIES,PACK OF 2 VIAL,21300,339,kesses_oncology.csv,0.86|init.3399e318-408c-5168-b038-72c24fa9b04c|kesses_oncology.csv|RITUXIMAB SOLUTION FOR INJECTION 10MG/ML10 ML VIAL ;; 0.40|init.370e8794-88e2-5e00-a9f1-1eac03c30cc8|kesses_oncology.csv|RITUXIMAB SOLUTION FOR INJECTION 10 MG/ML 50 ML VIAL (500MG)
PM08RTX002,PM08RTX002,RITUXIMAB SOLUTION FOR INJECTION 10 MG/ML  50 ML VIAL (500MG)  - Mabthera,RITUXIMAB SOLUTION FOR INJECTION 10 MG/ML 50 ML VIAL (500MG) - Mabthera,True,ONCOLOGY,TARGETED THERAPIES,VIAL,52800,340,kesses_oncology.csv,0.88|init.370e8794-88e2-5e00-a9f1-1eac03c30cc8|kesses_oncology.csv|RITUXIMAB SOLUTION FOR INJECTION 10 MG/ML 50 ML VIAL (500MG) ;; 0.40|init.3399e318-408c-5168-b038-72c24fa9b04c|kesses_oncology.csv|RITUXIMAB SOLUTION FOR INJECTION 10MG/ML10 ML VIAL
PM08TRS002,PM08TRS002,TRASTUZUMAB INJECTION 600MG (SUBCUTANEOUS)  - Herceptin,TRASTUZUMAB INJECTION 600MG (SUBCUTANEOUS) - Herceptin,True,ONCOLOGY,TARGETED THERAPIES,VIAL,30800,341,kesses_oncology.csv,0.80|init.f1c0e7fc-713f-596f-bdfd-efa6be3c4a3c|kesses_oncology.csv|TRASTUZUMAB INJECTION 600MG (SUBCUTANEOUS)
NM18TAP001,NM18TAP001,AUTOCLAVING TAPE -  ¾ ( 19MM X 50M)  *** Tracer ***,AUTOCLAVING TAPE - ¾ ( 19MM X 50M),True,NON-PHARMACEUTICALS,TAPES,ROLL,320,377,kesses_non_pharmaceuticals.csv,0.75|init.f8b276fe-f462-5fa2-b613-b245bf176f3c|kesses_non_pharmaceuticals.csv|AUTOCLAVING TAPE - ¾ ( 19MM X 150M) ;; 0.56|init.4d609db9-4193-5cd4-873b-30408c427f9a|kesses_kemsa_stocks_received_latest.csv|AUTOCLAVING TAPE. ½ (19MM X 50M)
NM17CCU009,NM17CCU009,DARTS BOARD WITH 1 SET OF DARTS ARROWS,DARTS BOARD WITH 1 SET OF DARTS ARROWS,False,NON-PHARMACEUTICALS,REHABILITATIVE CARE CONSUMABLES,SET,2630,406,kesses_non_pharmaceuticals.csv,
NM03SUT178,NM03SUT178,SUTURE OB KIT –BRAIDED COATED POLYGLACTIN/POLYGLYCOLIC  910 NO 1 DOUBLE ARM HEAVY ½ CIRCLE ROUND BODY AND 1/2 TAPER CUTTING 40MM 180 CM PLUS 3/0 POLIGLECAPRONE 25MM UNDYED 3/8 CIRCLE 45- 70CM CUTTING,SUTURE OB KIT –BRAIDED COATED POLYGLACTIN/POLYGLYCOLIC 910 NO 1 DOUBLE ARM HEAVY ½ CIRCLE ROUND BODY AND 1/2 TAPER CUTTING 40MM 180 CM PLUS 3/0 POLIGLECAPRONE 25MM UNDYED 3/8 CIRCLE 45- 70CM CUTTING,True,NON-PHARMACEUTICALS,SUTURES,PIECE,650,519,kesses_non_pharmaceuticals.csv,0.85|init.d9b21b46-678a-5816-993b-505e16d48b27|kesses_non_pharmaceuticals.csv|OB KIT –BRAIDED COATED POLYGLACTIN/POLYGLYCOLIC 910 NO 1DOUBLE ARM HEAVY ½ CIRCLE ROUND BODY AND 1/2TAPER CUTTING 40MM 180 CM PLUS 3/0 POLIGLECAPRONE 25MM UNDYED 3/8 CIRCLE 45- 70CM CUTTING
NE03GEA021,NE03GEA021,THEATRE APRONS - REUSABLE,THEATRE APRONS - REUSABLE,False,NON-PHARMACEUTICALS,PROTECTIVE CLOTHING & GEAR,PIECE,1900,545,kesses_non_pharmaceuticals.csv,
NL02CNS001,NL02CNS001,APPLICATOR WOODEN STICKS,APPLICATOR WOODEN STICKS,False,LAB PRODUCTS,CONSUMABLES,PACK OF 500S,255,571,kesses_lab_products.csv,0.67|init.5934944d-65fc-5b2b-94c3-ecdf5ac75e4c|kesses_non_pharmaceuticals.csv|APPLICATOR STICKS
NL04TUB024,NL04TUB024,BLOOD COLLECTION TUBE (RED TOP 4 ML),BLOOD COLLECTION TUBE (RED TOP 4 ML),False,LAB PRODUCTS,SAMPLE COLLECTION TUBES,PACK OF 1000S,5800,576,kesses_lab_products.csv,
NL08LBL024,NL08LBL024,EDTA-K BLOOD COLLECTION TUBES 4ML,EDTA-K BLOOD COLLECTION TUBES 4ML,False,LAB PRODUCTS,SAMPLE COLLECTION TUBES,PACK OF 100S,698,591,kesses_lab_products.csv,
DM07HBA002,DM07HBA002,HBA1C CALIBRATORSHBA1C CALIBRATORS - SD BIOSENSOR,HBA1C CALIBRATORSHBA1C CALIBRATORS - SD BIOSENSOR,False,LAB PRODUCTS,LABORATORY DIAGNOSTIC EQUIPMENT,Each,10795,601,kesses_lab_products.csv,0.38|init.78a7f303-ef5b-5a9d-bb94-9851ae737a0d|kesses_lab_products.csv|HBA1C (GLYCATED HAEMOGLOBIN) ANALYZER - SD BIOSENSOR ;; 0.38|init.664363fb-3188-55a8-97f1-4c7bb9495312|kesses_lab_products.csv|HBA1C (GLYCATED HAEMOGLOBIN) CUVETTES - SD BIOSENSOR
DM07HBA003,DM07HBA003,HBA1C CONTROLS -  SD BIOSENSOR,HBA1C CONTROLS - SD BIOSENSOR,True,LAB PRODUCTS,LABORATORY DIAGNOSTIC EQUIPMENT,Each,8255,602,kesses_lab_products.csv,0.43|init.78a7f303-ef5b-5a9d-bb94-9851ae737a0d|kesses_lab_products.csv|HBA1C (GLYCATED HAEMOGLOBIN) ANALYZER - SD BIOSENSOR ;; 0.43|init.664363fb-3188-55a8-97f1-4c7bb9495312|kesses_lab_products.csv|HBA1C (GLYCATED HAEMOGLOBIN) CUVETTES - SD BIOSENSOR
NL08OBT001,NL08OBT001,OCCULT BLOOD (IFOB),OCCULT BLOOD (IFOB),False,LAB PRODUCTS,LABORATORY DIAGNOSTIC SUPPLIES AND REAGENTS,PACK OF 50S,3300,629,kesses_lab_products.csv,
NE03GUB005,NE03GUB005,GUMBOOTS SIZE 9,GUMBOOTS SIZE 9,False,LINEN PRODUCTS,PROTECTIVE CLOTHING & GEAR,PAIR,1473,659,kesses_linen_products.csv,
NU02PAT033,NU02PAT033,PATIENT UNIFORM- PYJAMAS BLUE/WHITE STRIPED - LARGE (GEN WARD),PATIENT UNIFORM- PYJAMAS BLUE/WHITE STRIPED - LARGE (GEN WARD),False,LINEN PRODUCTS,PATIENT UNIFORMS,Each,2903,674,kesses_linen_products.csv,0.58|init.b2b2a0e8-e7c5-5ee7-aec6-7c819c343f41|kesses_linen_products.csv|PATIENT UNIFORM PAJAMAS GREEN/WHITE STRIPED EXTRA LARGE (GEN WARD) ;; 0.50|init.9586bb19-b8c6-5d18-8f7e-04d4e1e52995|kesses_linen_products.csv|PATIENT UNIFORM PAJAMAS GREEN AND WHITE STRIPPED LARGE (GEN WARD) ;; 0.46|init.6efad154-5794-59cd-8203-7f4a972c1ec5|kesses_linen_products.csv|PATIENT UNIFORM- PYJAMAS BLUE/WHITE COTTON DRILL-LARGE (PYCH UNIT)
NU02STA032,NU02STA032,THEATRE SCHOLLS (CLOGS)  SIZE 7-7 1/2,THEATRE SCHOLLS (CLOGS) SIZE 7-7 1/2,True,LINEN PRODUCTS,PROTECTIVE CLOTHING & GEAR,PAIR,1700,683,kesses_linen_products.csv,
NM13DEN004,NM13DEN004,ACRYLIC TEETH LOWER ANTERIOR  SET OF 6,ACRYLIC TEETH LOWER ANTERIOR SET OF 6,True,DENTAL PRODUCTS,DENTAL CONSUMABLES,SET,445,700,kesses_dental_products.csv,
NM13GEN339,NM13GEN339,GUTTA-PERCHA (SIZE 55),GUTTA-PERCHA (SIZE 55),False,DENTAL PRODUCTS,DENTAL CONSUMABLES,PACK OF 120S,762,702,kesses_dental_products.csv,
NM13DEN342,NM13DEN342,GUTTA-PERCHA (SIZE 70),GUTTA-PERCHA (SIZE 70),False,DENTAL PRODUCTS,DENTAL CONSUMABLES,PACK OF 120S,762,703,kesses_dental_products.csv,
NM13DEN344,NM13DEN344,GUTTA-PERCHA (SIZE 80),GUTTA-PERCHA (SIZE 80),False,DENTAL PRODUCTS,DENTAL CONSUMABLES,PACK OF 120S,762,704,kesses_dental_products.csv,
EM11EXC001,EM11EXC001,EXAMINATION COUCH,EXAMINATION COUCH,False,EQUIPMENT,WARD FURNITURE,PIECE,21800,749,kesses_equipments.csv,
EM10XYC002,EM10XYC002,OXYGEN CONCENTRATOR,OXYGEN CONCENTRATOR,False,EQUIPMENT,RESUSCITATION AND OXYGEN THERAPY EQUIPMENT,PIECE,152000,754,kesses_equipments.csv,
PM07LGN011,PM07LGN011,LIGNOCAINE 2% DENTAL CART WITH ADRENALINE-1:80 000,LIGNOCAINE 2% DENTAL CART WITH ADRENALINE-1:80 000,False,OTHER,LOCAL ANAESTHETICS,PACK OF 50,2900,1014,kesses_non_pharmaceuticals.csv,
PM06AMV002,PM06AMV002,VALSARTAN + AMLODIPINE + HYDROCHLORTHIAZIDE 160MG/10MG/12.5MG TABLETS  - Ex Forge HCT,VALSARTAN + AMLODIPINE + HYDROCHLORTHIAZIDE 160MG/10MG/12.5MG TABLETS - Ex Forge HCT,True,OTHER,ANTIHYPERTENSION MEDICINES,PACK OF 28S,2850,1015,kesses_non_pharmaceuticals.csv,0.70|init.9fbbf2f7-d71f-5bfb-9db2-78ae1c853f85|kesses_pharmaceuticals_stock.csv|VALSARTAN + AMLODIPINE + HYDROCHLORTHIAZIDE 160MG/10MG/12.5MG TABLETS
