kemsa_code,recommended_default_code,excel_name,match_name,is_tracer,section,category,pack_size,excel_price,excel_row,suggested_csv_file
PM12GEN003,PM12GEN003,GENTAMICIN  SULPHATE EYE/EAR SOLUTION  0.3% 10ML,GENTAMICIN SULPHATE EYE/EAR SOLUTION 0.3% 10ML,True,PHARMACEUTICALS,OPHTHALMIC ANTI-INFECTIVE MEDICINES,10ML VIAL,27,127,kesses_pharmaceuticals_stock.csv
PM07NDR001,PM07NDR001,NORADRENALINEINJECTION 2MG/2ML-AMPOULE,NORADRENALINEINJECTION 2MG/2ML-AMPOULE,False,PHARMACEUTICALS,ANTI ALLERGICS & MEDICINE USED IN ANAPHYLAXIS,AMPOULE,390,198,kesses_pharmaceuticals_stock.csv
PM14PHY002,PM14PHY002,PHYTOMENADIONE INJECTION (VITAMIN K) 10MG/ML (0.2ML AMPOULE)-PAEDIATRIC,PHYTOMENADIONE INJECTION (VITAMIN K) 10MG/ML (0.2ML AMPOULE)-PAEDIATRIC,False,PHARMACEUTICALS,MEDICINES AFFECTING COAGULATION,AMPOULE,55,216,kesses_pharmaceuticals_stock.csv
PM07VAL003,PM07VAL003,SODIUM VALPROATE (VALPROIC ACID)ORAL SOLUTION (SYRUP) 200MG/5ML,SODIUM VALPROATE (VALPROIC ACID)ORAL SOLUTION (SYRUP) 200MG/5ML,False,PHARMACEUTICALS,SEDATIVES/ANXIOLYTICS & ANTICONVULSANTS,300ml Bottle,1250,249,kesses_pharmaceuticals_stock.csv
PM06AMN001,PM06AMN001,AMLODIPINE 5MG + NEBIVOLOL 5MG TABLETS  - Nebi AM,AMLODIPINE 5MG + NEBIVOLOL 5MG TABLETS - Nebi AM,True,SSD PHARMACEUTICALS,ANTIHYPERTENSION MEDICINES,TABLET,43,281,kesses_pharmaceuticals_stock.csv
PM10BSP005,PM10BSP005,BISOPROLOL 10MG TABLETS  - Bisocard,BISOPROLOL 10MG TABLETS - Bisocard,True,SSD PHARMACEUTICALS,ANTIHYPERTENSION MEDICINES,TABLET,27,282,kesses_pharmaceuticals_stock.csv
PM10BSP006,PM10BSP006,BISOPROLOL 5MG TABLETS  - Bisocard,BISOPROLOL 5MG TABLETS - Bisocard,True,SSD PHARMACEUTICALS,ANTIHYPERTENSION MEDICINES,TABLET,16,283,kesses_pharmaceuticals_stock.csv
PM10DPG001,PM10DPG001,DAPAGLIFOZIN 10MG TABLETS  - Dapaflo - 10,DAPAGLIFOZIN 10MG TABLETS - Dapaflo - 10,True,SSD PHARMACEUTICALS,ORAL HYPOGLYCAEMIC AGENTS,TABLET,45,284,kesses_pharmaceuticals_stock.csv
PM10EMP001,PM10EMP001,EMPAGLIFLOZIN 10 MG  TABLETS  - Empiget-10,EMPAGLIFLOZIN 10 MG TABLETS - Empiget-10,True,SSD PHARMACEUTICALS,ORAL HYPOGLYCAEMIC AGENTS,TABLET,42,285,kesses_pharmaceuticals_stock.csv
PM10MEE002,PM10MEE002,EMPAGLIFLOZIN 12.5 MG +METFORMIN 1000MG TABLET  - Empiget-M,EMPAGLIFLOZIN 12.5 MG +METFORMIN 1000MG TABLET - Empiget-M,True,SSD PHARMACEUTICALS,ORAL HYPOGLYCAEMIC AGENTS,TABLET,35,286,kesses_pharmaceuticals_stock.csv
PM10EMP002,PM10EMP002,EMPAGLIFLOZIN 25MG  - Empiget-25,EMPAGLIFLOZIN 25MG - Empiget-25,True,SSD PHARMACEUTICALS,MANUAL RESUSCITATION EQUIPMENT,TABLET,50,287,kesses_pharmaceuticals_stock.csv
PM10MEE003,PM10MEE003,EMPAGLIFLOZIN 5MG + METFORMIN 1000MG  - Empiget-M,EMPAGLIFLOZIN 5MG + METFORMIN 1000MG - Empiget-M,True,SSD PHARMACEUTICALS,ORAL HYPOGLYCAEMIC AGENTS,TABLET,34,288,kesses_pharmaceuticals_stock.csv
PM10MEE001,PM10MEE001,EMPAGLIFLOZIN  5MG +METFORMIN 500 MG TABLETS  - Empiget - M,EMPAGLIFLOZIN 5MG +METFORMIN 500 MG TABLETS - Empiget - M,True,SSD PHARMACEUTICALS,ORAL HYPOGLYCAEMIC AGENTS,TABLET,35,289,kesses_pharmaceuticals_stock.csv
PM11ESM004,PM11ESM004,ESOMEPRAZOLE 20MG TABLETS  - Esose 20,ESOMEPRAZOLE 20MG TABLETS - Esose 20,True,SSD PHARMACEUTICALS,ANTIACID/ANTIULCER MEDICINES,TABLET,13,290,kesses_pharmaceuticals_stock.csv
PM11ESM006,PM11ESM006,ESOMEPRAZOLE 40MG TABLETS  - Esose 40,ESOMEPRAZOLE 40MG TABLETS - Esose 40,True,SSD PHARMACEUTICALS,ANTIACID/ANTIULCER MEDICINES,TABLET,20,291,kesses_pharmaceuticals_stock.csv
PM14FDH001,PM14FDH001,FLAVONOIDIC DIOSMIN/HESPERIDIN 450MG/50MG  TABLETS  - Daflon,FLAVONOIDIC DIOSMIN/HESPERIDIN 450MG/50MG TABLETS - Daflon,True,SSD PHARMACEUTICALS,VITAMINS AND MINERALS,PACK OF 30S,1650,292,kesses_pharmaceuticals_stock.csv
PM11HKT004,PM11HKT004,H.PYLORI ERADICATION KIT (ESOMEPRAZOLE 20MG/ CLARITHROMYCIN 500MG/ AMOXYCILLIN 1G)  - Esclam Kit,H.PYLORI ERADICATION KIT (ESOMEPRAZOLE 20MG/ CLARITHROMYCIN 500MG/ AMOXYCILLIN 1G) - Esclam Kit,True,SSD PHARMACEUTICALS,ANTIACID/ANTIULCER MEDICINES,Pack of 7s,1500,293,kesses_pharmaceuticals_stock.csv
PM06AMP005,PM06AMP005,INDAPAMIDE 1.5MG SLOW RELEASE TABLETS  - Natrilix SR,INDAPAMIDE 1.5MG SLOW RELEASE TABLETS - Natrilix SR,True,SSD PHARMACEUTICALS,ANTIHYPERTENSION MEDICINES,PACK OF 30S,1290,294,kesses_pharmaceuticals_stock.csv
PM06AMP001,PM06AMP001,INDAPAMIDE + AMLODIPINE 1.5MG/10MG TABLETS  - Natrixam - 10mg,INDAPAMIDE + AMLODIPINE 1.5MG/10MG TABLETS - Natrixam - 10mg,True,SSD PHARMACEUTICALS,ANTIHYPERTENSION MEDICINES,PACK OF 30S,1750,295,kesses_pharmaceuticals_stock.csv
PM06AMP002,PM06AMP002,INDAPAMIDE + AMLODIPINE 1.5MG/5MG TABLETS  - Natrixam - 5mg,INDAPAMIDE + AMLODIPINE 1.5MG/5MG TABLETS - Natrixam - 5mg,True,SSD PHARMACEUTICALS,ANTIHYPERTENSION MEDICINES,PACK OF 30S,1600,296,kesses_pharmaceuticals_stock.csv
PM06AMP003,PM06AMP003,INDAPAMIDE + PERINDOPRIL 1.25MG/5MG TABLETS  - Bipreterax - 5mg,INDAPAMIDE + PERINDOPRIL 1.25MG/5MG TABLETS - Bipreterax - 5mg,True,SSD PHARMACEUTICALS,ANTIHYPERTENSION MEDICINES,PACK OF 30S,1700,297,kesses_pharmaceuticals_stock.csv
PM06AMP004,PM06AMP004,INDAPAMIDE + PERINDOPRIL 2.5MG/10MG TABLETS  - Bipreterax - 10mg,INDAPAMIDE + PERINDOPRIL 2.5MG/10MG TABLETS - Bipreterax - 10mg,True,SSD PHARMACEUTICALS,ANTIHYPERTENSION MEDICINES,PACK OF 30S,2150,298,kesses_pharmaceuticals_stock.csv
PM07LVT004,PM07LVT004,LEVETIRACETAM 250MG TABLETS  - Levipil 250,LEVETIRACETAM 250MG TABLETS - Levipil 250,True,SSD PHARMACEUTICALS,SEDATIVES/ANXIOLYTICS & ANTICONVULSANTS,TABLET,30,299,kesses_pharmaceuticals_stock.csv
PM07LVT005,PM07LVT005,LEVETIRACETAM 500MG TABLETS  - Levipil 500,LEVETIRACETAM 500MG TABLETS - Levipil 500,True,SSD PHARMACEUTICALS,SEDATIVES/ANXIOLYTICS & ANTICONVULSANTS,TABLET,45,300,kesses_pharmaceuticals_stock.csv
PM06LST008,PM06LST008,LOSARTAN POTASSIUM 50MG + AMLODIPINE 5MG + HYDROCHLORTHIAZIDE 12.5MG TABLETS  - Unizar Forte,LOSARTAN POTASSIUM 50MG + AMLODIPINE 5MG + HYDROCHLORTHIAZIDE 12.5MG TABLETS - Unizar Forte,True,SSD PHARMACEUTICALS,ANTIHYPERTENSION MEDICINES,PACK OF 30S,950,301,kesses_pharmaceuticals_stock.csv
PM14MCN001,PM14MCN001,METHYLCOBALAMIN NASAL SRAY 250 MCG SPRAY  - Naso B12,METHYLCOBALAMIN NASAL SRAY 250 MCG SPRAY - Naso B12,True,SSD PHARMACEUTICALS,VITAMINS AND MINERALS,2.3 ml Bottle,1600,302,kesses_pharmaceuticals_stock.csv
PM06NEB002,PM06NEB002,NEBIVOLOL 5 MG  TABLETS  - Nebi-5,NEBIVOLOL 5 MG TABLETS - Nebi-5,True,SSD PHARMACEUTICALS,ANTIHYPERTENSION MEDICINES,TABLET,40,303,kesses_pharmaceuticals_stock.csv
PM12MMT003,PM12MMT003,OLOPATADINE HYDROCHLORIDE AND MOMATASONE FUROATE NASAL SPRAY 600MCG/25MCG  - Ryaltris,OLOPATADINE HYDROCHLORIDE AND MOMATASONE FUROATE NASAL SPRAY 600MCG/25MCG - Ryaltris,True,SSD PHARMACEUTICALS,ANTI-INFLAMATORY/ANTIPRURITIC MEDICINES,120 metered spray,1950,304,kesses_pharmaceuticals_stock.csv
PM07PPD005,PM07PPD005,PALIPERIDONE 100 MG  INJ  - Invega Sustenna,PALIPERIDONE 100 MG INJ - Invega Sustenna,True,SSD PHARMACEUTICALS,MEDICINES FOR PSYCHOTIC DISORDERS,Prefilled Syringes,14000,305,kesses_pharmaceuticals_stock.csv
PM07PPD006,PM07PPD006,PALIPERIDONE 150  MG  INJ  - Invega Sustenna,PALIPERIDONE 150 MG INJ - Invega Sustenna,True,SSD PHARMACEUTICALS,MEDICINES FOR PSYCHOTIC DISORDERS,Prefilled Syringes,14000,306,kesses_pharmaceuticals_stock.csv
PM07PPD004,PM07PPD004,PALIPERIDONE 75 MG  INJ  - Invega Sustenna,PALIPERIDONE 75 MG INJ - Invega Sustenna,True,SSD PHARMACEUTICALS,MEDICINES FOR PSYCHOTIC DISORDERS,Prefilled Syringes,14000,307,kesses_pharmaceuticals_stock.csv
PM06AMP006,PM06AMP006,PERINDOPRIL + AMLODIPINE 10MG/10MG TABLETS  - Coveram,PERINDOPRIL + AMLODIPINE 10MG/10MG TABLETS - Coveram,True,SSD PHARMACEUTICALS,ANTIHYPERTENSION MEDICINES,PACK OF 30S,2150,308,kesses_pharmaceuticals_stock.csv
PM06AMP007,PM06AMP007,PERINDOPRIL + INDAPAMIDE + AMLODIPINE 10MG/2.5MG/10MG TABLETS  - Triplixam,PERINDOPRIL + INDAPAMIDE + AMLODIPINE 10MG/2.5MG/10MG TABLETS - Triplixam,True,SSD PHARMACEUTICALS,ANTIHYPERTENSION MEDICINES,PACK OF 30S,2350,309,kesses_pharmaceuticals_stock.csv
PM07PRE005,PM07PRE005,PREGABALIN 25MG TABLETS  - Cabalin 25,PREGABALIN 25MG TABLETS - Cabalin 25,True,SSD PHARMACEUTICALS,SEDATIVES/ANXIOLYTICS & ANTICONVULSANTS,Capsule,15,310,kesses_pharmaceuticals_stock.csv
PM07PRE004,PM07PRE004,PREGABALIN 75MG CAPSULE  - Gabica,PREGABALIN 75MG CAPSULE - Gabica,True,SSD PHARMACEUTICALS,SEDATIVES/ANXIOLYTICS & ANTICONVULSANTS,Capsule,21,311,kesses_pharmaceuticals_stock.csv
PM07QPN006,PM07QPN006,QUETIAPINE  100MG TABLETS  - Quitipin - 100,QUETIAPINE 100MG TABLETS - Quitipin - 100,True,SSD PHARMACEUTICALS,MEDICINES FOR PSYCHOTIC DISORDERS,PACK OF 30S,1500,312,kesses_pharmaceuticals_stock.csv
PM07QPN005,PM07QPN005,QUETIAPINE 50MG TABLETS  - Quitipin - 50,QUETIAPINE 50MG TABLETS - Quitipin - 50,True,SSD PHARMACEUTICALS,MEDICINES FOR PSYCHOTIC DISORDERS,PACK OF 30S,1370,313,kesses_pharmaceuticals_stock.csv
PM07QPN003,PM07QPN003,QUETIAPINE TABLET (E/R) 300MG  - Quitipin - 300,QUETIAPINE TABLET (E/R) 300MG - Quitipin - 300,True,SSD PHARMACEUTICALS,MEDICINES FOR PSYCHOTIC DISORDERS,PACK OF 30S,2100,314,kesses_pharmaceuticals_stock.csv
PM10SAL004,PM10SAL004,SALMETEROL + FLUTICASONE  25MCG/125MCG  SYCOBREATHE  - Serocort 125,SALMETEROL + FLUTICASONE 25MCG/125MCG SYCOBREATHE - Serocort 125,True,SSD PHARMACEUTICALS,ANTIASTHMATICS AND DRUGS FOR COPD,120 doses,1550,315,kesses_pharmaceuticals_stock.csv
PM10SAL005,PM10SAL005,SALMETEROL + FLUTICASONE  25MCG/250MCG  SYNCOBREATHE  - Serocort 250,SALMETEROL + FLUTICASONE 25MCG/250MCG SYNCOBREATHE - Serocort 250,True,SSD PHARMACEUTICALS,ANTIASTHMATICS AND DRUGS FOR COPD,120 doses,1900,316,kesses_pharmaceuticals_stock.csv
PM07SLN002,PM07SLN002,SERTRALINE 50MG TABLETS  - Zosert 50,SERTRALINE 50MG TABLETS - Zosert 50,True,SSD PHARMACEUTICALS,MEDICINES  USED IN MOOD DISORDERS,PACK OF 30S,1450,317,kesses_pharmaceuticals_stock.csv
PM10STG003,PM10STG003,SITAGLIPTIN 100MG TABLETS  - Trevia,SITAGLIPTIN 100MG TABLETS - Trevia,True,SSD PHARMACEUTICALS,ORAL HYPOGLYCAEMIC AGENTS,TABLET,49,318,kesses_pharmaceuticals_stock.csv
PM10STG004,PM10STG004,SITAGLIPTIN 50MG + METFORMIN 1000MG TABLETS  - Treviamet,SITAGLIPTIN 50MG + METFORMIN 1000MG TABLETS - Treviamet,True,SSD PHARMACEUTICALS,ORAL HYPOGLYCAEMIC AGENTS,TABLET,28,319,kesses_pharmaceuticals_stock.csv
PM10STG005,PM10STG005,SITAGLIPTIN 50MG + METFORMIN 500MG TABLETS  - Treviamet,SITAGLIPTIN 50MG + METFORMIN 500MG TABLETS - Treviamet,True,SSD PHARMACEUTICALS,ORAL HYPOGLYCAEMIC AGENTS,TABLET,30,320,kesses_pharmaceuticals_stock.csv
PM10STG002,PM10STG002,SITAGLIPTIN 50MG  TABLETS  - Trevia,SITAGLIPTIN 50MG TABLETS - Trevia,True,SSD PHARMACEUTICALS,ORAL HYPOGLYCAEMIC AGENTS,TABLET,30,321,kesses_pharmaceuticals_stock.csv
PM08RBT001,PM08RBT001,ABIRATERONE 250 MG TABLETS  - Zytiga,ABIRATERONE 250 MG TABLETS - Zytiga,True,ONCOLOGY,HORMONES & ANTIHORMONES,PACK OF 120S,49500,325,kesses_oncology.csv
PM08ABR002,PM08ABR002,ABIRATERONE ACETATE TABLETS 500MG PACK 0,ABIRATERONE ACETATE TABLETS 500MG PACK 0,False,ONCOLOGY,CYTOTOXIC MEDICINES,PACK,32750,326,kesses_oncology.csv
PM08CYC001,PM08CYC001,CYCLOPHOSPHAMIDE INJECTION  - 500MG,CYCLOPHOSPHAMIDE INJECTION - 500MG,True,ONCOLOGY,CYTOTOXIC MEDICINES,VIAL,247,327,kesses_oncology.csv
PM08CYC002,PM08CYC002,CYCLOPHOSPHAMIDE INJECTION POWDER FOR RECONSTITUTION 1G,CYCLOPHOSPHAMIDE INJECTION POWDER FOR RECONSTITUTION 1G,False,ONCOLOGY,CYTOTOXIC MEDICINES,VIAL,285,328,kesses_oncology.csv
PM08EZL001,PM08EZL001,ENZALUTAMIDE  40MG CAPSULE,ENZALUTAMIDE 40MG CAPSULE,True,ONCOLOGY,CYTOTOXIC MEDICINES,PACK OF 56s,25600,329,kesses_oncology.csv
PM08GMB002,PM08GMB002,GEMCITABINE  INJECTION PFR 1G VIAL,GEMCITABINE INJECTION PFR 1G VIAL,True,ONCOLOGY,CYTOTOXIC MEDICINES,VIAL,2160,330,kesses_oncology.csv
PM08LEN006,PM08LEN006,LENALIDOMIDE CAPSULE 10MG,LENALIDOMIDE CAPSULE 10MG,False,ONCOLOGY,IMMUNOMODULATORS,Pack of 21,9225,333,kesses_oncology.csv
PM08LEN007,PM08LEN007,LENALIDOMIDE CAPSULE 25MG,LENALIDOMIDE CAPSULE 25MG,False,ONCOLOGY,IMMUNOMODULATORS,Pack of 21,15375,334,kesses_oncology.csv
PM08LEN005,PM08LEN005,LENALIDOMIDE CAPSULE 5MG,LENALIDOMIDE CAPSULE 5MG,False,ONCOLOGY,IMMUNOMODULATORS,Pack of 21,6145,335,kesses_oncology.csv
PM08MET002,PM08MET002,METHOTREXATE SOLUTION FOR INJECTION 25MG/ML 2ML VIAL (AS SODIUM SALT PRESERVATIVE FREE),METHOTREXATE SOLUTION FOR INJECTION 25MG/ML 2ML VIAL (AS SODIUM SALT PRESERVATIVE FREE),False,ONCOLOGY,CYTOTOXIC MEDICINES,VIAL,235,336,kesses_oncology.csv
PM08RTX003,PM08RTX003,RITUXIMAB SOLUTION FOR INJECTION 10MG/ML10 ML VIAL  - Mabthera,RITUXIMAB SOLUTION FOR INJECTION 10MG/ML10 ML VIAL - Mabthera,True,ONCOLOGY,TARGETED THERAPIES,PACK OF 2 VIAL,21300,339,kesses_oncology.csv
PM08RTX002,PM08RTX002,RITUXIMAB SOLUTION FOR INJECTION 10 MG/ML  50 ML VIAL (500MG)  - Mabthera,RITUXIMAB SOLUTION FOR INJECTION 10 MG/ML 50 ML VIAL (500MG) - Mabthera,True,ONCOLOGY,TARGETED THERAPIES,VIAL,52800,340,kesses_oncology.csv
PM08TRS002,PM08TRS002,TRASTUZUMAB INJECTION 600MG (SUBCUTANEOUS)  - Herceptin,TRASTUZUMAB INJECTION 600MG (SUBCUTANEOUS) - Herceptin,True,ONCOLOGY,TARGETED THERAPIES,VIAL,30800,341,kesses_oncology.csv
NM18TAP001,NM18TAP001,AUTOCLAVING TAPE -  ¾ ( 19MM X 50M)  *** Tracer ***,AUTOCLAVING TAPE - ¾ ( 19MM X 50M),True,NON-PHARMACEUTICALS,TAPES,ROLL,320,377,kesses_non_pharmaceuticals.csv
NM17CCU009,NM17CCU009,DARTS BOARD WITH 1 SET OF DARTS ARROWS,DARTS BOARD WITH 1 SET OF DARTS ARROWS,False,NON-PHARMACEUTICALS,REHABILITATIVE CARE CONSUMABLES,SET,2630,406,kesses_non_pharmaceuticals.csv
NM03SUT178,NM03SUT178,SUTURE OB KIT –BRAIDED COATED POLYGLACTIN/POLYGLYCOLIC  910 NO 1 DOUBLE ARM HEAVY ½ CIRCLE ROUND BODY AND 1/2 TAPER CUTTING 40MM 180 CM PLUS 3/0 POLIGLECAPRONE 25MM UNDYED 3/8 CIRCLE 45- 70CM CUTTING,SUTURE OB KIT –BRAIDED COATED POLYGLACTIN/POLYGLYCOLIC 910 NO 1 DOUBLE ARM HEAVY ½ CIRCLE ROUND BODY AND 1/2 TAPER CUTTING 40MM 180 CM PLUS 3/0 POLIGLECAPRONE 25MM UNDYED 3/8 CIRCLE 45- 70CM CUTTING,True,NON-PHARMACEUTICALS,SUTURES,PIECE,650,519,kesses_non_pharmaceuticals.csv
NE03GEA021,NE03GEA021,THEATRE APRONS - REUSABLE,THEATRE APRONS - REUSABLE,False,NON-PHARMACEUTICALS,PROTECTIVE CLOTHING & GEAR,PIECE,1900,545,kesses_non_pharmaceuticals.csv
NL02CNS001,NL02CNS001,APPLICATOR WOODEN STICKS,APPLICATOR WOODEN STICKS,False,LAB PRODUCTS,CONSUMABLES,PACK OF 500S,255,571,kesses_lab_products.csv
NL04TUB024,NL04TUB024,BLOOD COLLECTION TUBE (RED TOP 4 ML),BLOOD COLLECTION TUBE (RED TOP 4 ML),False,LAB PRODUCTS,SAMPLE COLLECTION TUBES,PACK OF 1000S,5800,576,kesses_lab_products.csv
NL08LBL024,NL08LBL024,EDTA-K BLOOD COLLECTION TUBES 4ML,EDTA-K BLOOD COLLECTION TUBES 4ML,False,LAB PRODUCTS,SAMPLE COLLECTION TUBES,PACK OF 100S,698,591,kesses_lab_products.csv
DM07HBA002,DM07HBA002,HBA1C CALIBRATORSHBA1C CALIBRATORS - SD BIOSENSOR,HBA1C CALIBRATORSHBA1C CALIBRATORS - SD BIOSENSOR,False,LAB PRODUCTS,LABORATORY DIAGNOSTIC EQUIPMENT,Each,10795,601,kesses_lab_products.csv
DM07HBA003,DM07HBA003,HBA1C CONTROLS -  SD BIOSENSOR,HBA1C CONTROLS - SD BIOSENSOR,True,LAB PRODUCTS,LABORATORY DIAGNOSTIC EQUIPMENT,Each,8255,602,kesses_lab_products.csv
NL08OBT001,NL08OBT001,OCCULT BLOOD (IFOB),OCCULT BLOOD (IFOB),False,LAB PRODUCTS,LABORATORY DIAGNOSTIC SUPPLIES AND REAGENTS,PACK OF 50S,3300,629,kesses_lab_products.csv
NE03GUB005,NE03GUB005,GUMBOOTS SIZE 9,GUMBOOTS SIZE 9,False,LINEN PRODUCTS,PROTECTIVE CLOTHING & GEAR,PAIR,1473,659,kesses_linen_products.csv
NU02PAT033,NU02PAT033,PATIENT UNIFORM- PYJAMAS BLUE/WHITE STRIPED - LARGE (GEN WARD),PATIENT UNIFORM- PYJAMAS BLUE/WHITE STRIPED - LARGE (GEN WARD),False,LINEN PRODUCTS,PATIENT UNIFORMS,Each,2903,674,kesses_linen_products.csv
NU02STA032,NU02STA032,THEATRE SCHOLLS (CLOGS)  SIZE 7-7 1/2,THEATRE SCHOLLS (CLOGS) SIZE 7-7 1/2,True,LINEN PRODUCTS,PROTECTIVE CLOTHING & GEAR,PAIR,1700,683,kesses_linen_products.csv
NM13DEN004,NM13DEN004,ACRYLIC TEETH LOWER ANTERIOR  SET OF 6,ACRYLIC TEETH LOWER ANTERIOR SET OF 6,True,DENTAL PRODUCTS,DENTAL CONSUMABLES,SET,445,700,kesses_dental_products.csv
NM13GEN339,NM13GEN339,GUTTA-PERCHA (SIZE 55),GUTTA-PERCHA (SIZE 55),False,DENTAL PRODUCTS,DENTAL CONSUMABLES,PACK OF 120S,762,702,kesses_dental_products.csv
NM13DEN342,NM13DEN342,GUTTA-PERCHA (SIZE 70),GUTTA-PERCHA (SIZE 70),False,DENTAL PRODUCTS,DENTAL CONSUMABLES,PACK OF 120S,762,703,kesses_dental_products.csv
NM13DEN344,NM13DEN344,GUTTA-PERCHA (SIZE 80),GUTTA-PERCHA (SIZE 80),False,DENTAL PRODUCTS,DENTAL CONSUMABLES,PACK OF 120S,762,704,kesses_dental_products.csv
EM11EXC001,EM11EXC001,EXAMINATION COUCH,EXAMINATION COUCH,False,EQUIPMENT,WARD FURNITURE,PIECE,21800,749,kesses_equipments.csv
EM10XYC002,EM10XYC002,OXYGEN CONCENTRATOR,OXYGEN CONCENTRATOR,False,EQUIPMENT,RESUSCITATION AND OXYGEN THERAPY EQUIPMENT,PIECE,152000,754,kesses_equipments.csv
PM07LGN011,PM07LGN011,LIGNOCAINE 2% DENTAL CART WITH ADRENALINE-1:80 000,LIGNOCAINE 2% DENTAL CART WITH ADRENALINE-1:80 000,False,OTHER,LOCAL ANAESTHETICS,PACK OF 50,2900,1014,kesses_non_pharmaceuticals.csv
PM06AMV002,PM06AMV002,VALSARTAN + AMLODIPINE + HYDROCHLORTHIAZIDE 160MG/10MG/12.5MG TABLETS  - Ex Forge HCT,VALSARTAN + AMLODIPINE + HYDROCHLORTHIAZIDE 160MG/10MG/12.5MG TABLETS - Ex Forge HCT,True,OTHER,ANTIHYPERTENSION MEDICINES,PACK OF 28S,2850,1015,kesses_non_pharmaceuticals.csv
